Unnamed: 0,Unnamed: 1,Unnamed: 2,Unnamed: 3,Unnamed: 4,Unnamed: 5,Unnamed: 6,Unnamed: 7,Unnamed: 8,Unnamed: 9,Unnamed: 10,Unnamed: 11,Unnamed: 12,Unnamed: 13
,,,,,,,,,,,,,
,,,,,,,,,,,,,
,,,,,,,,,,,,,
,,,,,,,,,,,,,
,,,,,,,,,,,,,
,,,,,,,,,,,,,
,,,,,,,,,,,,,
Commercial,,,,,,,,,,,,,
,,Jan 2017,Feb 2017,Mar 2017,Apr 2017,May 2017,Jun 2017,Jul 2017,Aug 2017,Sep 2017,Oct 2017,Nov 2017,Dec 2017
Alabama,AL,0.1003,0.06916666666666667,0.07626666666666666,0.04013333333333333,0.04243333333333334,0.0358,0.0349,0.0369,0.04106666666666667,0.06616666666666667,0.0863,0.1302666666666667
Alaska ,AK,0.07806666666666667,0.0619,0.0684,0.03843333333333333,0.0285,0.01766666666666667,0.01666666666666667,0.01833333333333333,0.02363333333333333,0.03963333333333333,0.06103333333333334,0.0659
Arizona,AZ,0.1336,0.1136,0.0982,0.0846,0.07623333333333333,0.0656,0.06213333333333333,0.06246666666666666,0.06386666666666667,0.07223333333333333,0.08506666666666667,0.1228
Arkansas,AR,0.2151333333333333,0.1543333333333333,0.1499333333333333,0.1036,0.1029333333333333,0.09163333333333333,0.0902,0.09663333333333333,0.0973,0.1228666666666667,0.1452,0.2135666666666667
California,CA,0.9987666666666667,0.7469333333333333,0.6656,0.5754333333333334,0.5412,0.4926666666666666,0.5055333333333333,0.5399,0.5354666666666666,0.6464,0.7246333333333334,0.9395
Colorado,CO,0.3148666666666667,0.2069666666666667,0.1736666666666667,0.1347,0.1022666666666667,0.05803333333333333,0.05463333333333333,0.05713333333333333,0.0627,0.126,0.1795,0.2875333333333333
Connecticut,CT,0.2501333333333333,0.2110666666666667,0.2342,0.1272666666666667,0.09106666666666667,0.0771,0.08123333333333334,0.08063333333333333,0.08296666666666666,0.0932,0.1745333333333333,0.2470666666666667
Delaware,DE,0.06283333333333334,0.05013333333333334,0.05643333333333334,0.02503333333333333,0.02403333333333333,0.0187,0.01663333333333333,0.0191,0.02173333333333333,0.02786666666666667,0.0488,0.0742
District of Columbia,DC,0.0709,0.05376666666666666,0.06086666666666667,0.03626666666666667,0.03363333333333333,0.02823333333333333,0.02783333333333333,0.0275,0.02716666666666667,0.03336666666666667,0.0461,0.08903333333333334
Florida,FL,0.2033,0.1781333333333333,0.1905333333333333,0.1763333333333333,0.1626666666666667,0.1548666666666667,0.1464666666666667,0.1466,0.1464333333333333,0.1618333333333333,0.1755666666666667,0.201
Georgia,GA,0.2421,0.1730333333333333,0.1806666666666667,0.0939,0.08643333333333333,0.07383333333333333,0.07213333333333333,0.0737,0.07436666666666666,0.1108,0.1741333333333333,0.2846333333333333
Hawaii,HI,0.007533333333333334,0.006666666666666667,0.007033333333333333,0.0067,0.0064,0.007133333333333334,0.006466666666666667,0.006733333333333333,0.0066,0.006666666666666667,0.0068,0.006766666666666666
Idaho,ID,0.1256333333333333,0.08306666666666666,0.05883333333333333,0.045,0.03196666666666666,0.02396666666666667,0.02346666666666667,0.0244,0.03143333333333333,0.0498,0.06413333333333333,0.0975
Illinois,IL,1.178933333333333,0.8162,0.8639666666666667,0.4507333333333333,0.4210666666666666,0.2520666666666667,0.2563666666666667,0.2684666666666667,0.2939333333333333,0.4565,0.7419,1.197733333333333
Indiana,IN,0.4238666666666667,0.2784333333333333,0.3089333333333333,0.1473,0.1207,0.08123333333333334,0.07436666666666666,0.07966666666666666,0.09216666666666666,0.1665333333333333,0.2801333333333333,0.4570666666666667
Iowa,IA,0.2776333333333333,0.2001,0.1933,0.1092333333333333,0.0761,0.05843333333333333,0.05326666666666666,0.05266666666666667,0.0601,0.1199,0.194,0.2623333333333333
Kansas,KS,0.1935,0.1151333333333333,0.1147333333333333,0.08453333333333334,0.059,0.05216666666666667,0.0526,0.0581,0.0561,0.07713333333333333,0.1102666666666667,0.1762
Kentucky,KY,0.1794,0.1271666666666667,0.1294333333333333,0.05533333333333333,0.04456666666666666,0.03666666666666667,0.03473333333333333,0.03786666666666667,0.04593333333333333,0.06816666666666667,0.1253666666666667,0.2086
Louisiana,LA,0.1056,0.07623333333333333,0.08626666666666667,0.06856666666666666,0.06746666666666666,0.06416666666666666,0.05966666666666667,0.06356666666666666,0.05983333333333334,0.0733,0.08823333333333333,0.1309666666666667
Maine,ME,0.04346666666666667,0.03833333333333333,0.04303333333333333,0.02316666666666667,0.0154,0.0102,0.009633333333333334,0.009666666666666667,0.009966666666666667,0.01273333333333333,0.0313,0.0506
Maryland,MD,0.3457333333333333,0.2678666666666666,0.3209333333333333,0.1428,0.1405,0.1008333333333333,0.1180333333333333,0.1088,0.1079,0.1283333333333333,0.2435333333333333,0.3839666666666667
Massachusetts,MA,0.5184666666666666,0.4429666666666667,0.5384666666666666,0.2465666666666667,0.1953,0.1322666666666667,0.1277333333333333,0.1358666666666667,0.1414333333333333,0.1822333333333333,0.3897333333333333,0.5979666666666666
Michigan,MI,0.8683,0.6916333333333333,0.7286333333333334,0.3732666666666667,0.2931,0.1988666666666667,0.1681666666666667,0.1803,0.1984,0.2757666666666667,0.5632333333333334,0.8815
Minnesota,MN,0.5647666666666666,0.4297666666666667,0.4101666666666667,0.2488333333333333,0.1617666666666667,0.1039,0.09533333333333334,0.09556666666666666,0.1022,0.1830333333333333,0.3712666666666667,0.5586333333333333
Mississippi,MS,0.07913333333333333,0.0568,0.0592,0.0329,0.0367,0.0301,0.02976666666666667,0.03263333333333333,0.0337,0.04866666666666666,0.0586,0.0899
Missouri,MO,0.3530333333333333,0.2224333333333333,0.2178,0.1105666666666667,0.095,0.07493333333333334,0.06963333333333334,0.07633333333333334,0.0787,0.09373333333333334,0.1954666666666667,0.3425
Montana,MT,0.1365333333333333,0.1009333333333333,0.0825,0.05703333333333333,0.0365,0.0251,0.02233333333333333,0.02283333333333333,0.03366666666666666,0.0561,0.0881,0.1174666666666667
Nebraska,NE,0.1794,0.1229333333333333,0.1077666666666667,0.0689,0.05,0.03973333333333334,0.03456666666666667,0.0269,0.03353333333333333,0.0563,0.1011,0.1461333333333333
Nevada,NV,0.1509333333333333,0.1175,0.1029666666666667,0.08653333333333334,0.07296666666666667,0.0636,0.0586,0.0568,0.0634,0.07666666666666666,0.0886,0.1347666666666667
New Hampshire,NH,0.0482,0.03883333333333333,0.04796666666666666,0.0188,0.01416666666666667,0.007966666666666667,0.0064,0.008533333333333334,0.008133333333333333,0.01293333333333333,0.03446666666666667,0.05616666666666666
New Jersey,NJ,0.7491333333333333,0.6084,0.6994333333333334,0.309,0.2711333333333333,0.2154,0.1857333333333333,0.1624666666666667,0.2208,0.2986666666666667,0.4420333333333333,0.8027333333333333
New Mexico,NM,0.1296,0.08153333333333333,0.0644,0.05653333333333333,0.04196666666666667,0.03323333333333333,0.03493333333333333,0.03733333333333334,0.0377,0.0615,0.07646666666666667,0.1322333333333333
New York,NY,1.386533333333333,1.210066666666667,1.362566666666667,0.7095,0.5998333333333333,0.4833,0.4704333333333333,0.4950666666666667,0.4900333333333333,0.5563333333333333,1.0452,1.531566666666667
North Carolina,NC,0.2544333333333333,0.1717666666666667,0.2068333333333333,0.0999,0.1002666666666667,0.0798,0.0876,0.0903,0.0921,0.1302,0.1940333333333333,0.2835666666666667
North Dakota,ND,0.0769,0.05676666666666667,0.0548,0.02973333333333333,0.0163,0.01066666666666667,0.01023333333333333,0.01173333333333333,0.01536666666666667,0.02916666666666667,0.05313333333333333,0.0671
Ohio,OH,0.8555333333333334,0.6262333333333333,0.6964666666666667,0.2819666666666666,0.2396,0.168,0.1561666666666667,0.1704,0.1835333333333333,0.3056666666666666,0.5858,0.9632666666666667
Oklahoma,OK,0.2365666666666667,0.1465333333333333,0.1159666666666667,0.0785,0.0624,0.0517,0.0483,0.0522,0.0527,0.07033333333333333,0.1182333333333333,0.2277333333333333
Oregon,OR,0.1954666666666667,0.137,0.1106,0.0822,0.0558,0.03983333333333333,0.02966666666666667,0.02836666666666667,0.03823333333333333,0.07193333333333334,0.1057333333333333,0.1639333333333333
Pennsylvania,PA,0.7661333333333333,0.6291,0.6857666666666666,0.3061333333333333,0.2442666666666667,0.1690666666666667,0.1606,0.1575,0.1664333333333333,0.2608333333333333,0.5757333333333333,0.7421333333333333
Rhode Island,RI,0.06133333333333333,0.05003333333333333,0.06276666666666667,0.02496666666666667,0.01786666666666667,0.0099,0.008733333333333333,0.008533333333333334,0.0084,0.0149,0.03846666666666667,0.07203333333333334
South Carolina,SC,0.0938,0.07016666666666667,0.08296666666666666,0.0496,0.05043333333333333,0.04243333333333334,0.04643333333333333,0.04336666666666666,0.0438,0.05943333333333333,0.07873333333333334,0.1029666666666667
South Dakota,SD,0.06576666666666667,0.0448,0.04313333333333334,0.0252,0.01626666666666667,0.01136666666666667,0.01006666666666667,0.01026666666666667,0.01223333333333333,0.0235,0.03933333333333333,0.0585
Tennessee,TN,0.2377666666666667,0.1713333333333333,0.1743333333333333,0.08353333333333333,0.0853,0.07076666666666667,0.06836666666666667,0.07066666666666667,0.07956666666666666,0.1105666666666667,0.187,0.2955
Texas,TX,0.7947666666666666,0.5478333333333333,0.4862,0.4041666666666667,0.3734666666666667,0.3392,0.3475666666666667,0.3463,0.3423333333333333,0.4042333333333333,0.4637666666666667,0.6433666666666666
Utah,UT,0.2593333333333334,0.1536333333333333,0.1139666666666667,0.1057,0.06526666666666667,0.05756666666666667,0.0427,0.0399,0.04783333333333333,0.09306666666666667,0.1468666666666667,0.2496333333333333
Vermont,VT,0.02713333333333333,0.0226,0.0258,0.0125,0.01106666666666667,0.006466666666666667,0.009733333333333333,0.01056666666666667,0.0114,0.01336666666666667,0.02506666666666667,0.03106666666666667
Virginia,VA,0.3222333333333333,0.2416,0.2858,0.1357,0.1291666666666667,0.0995,0.1118,0.1093333333333333,0.1149666666666667,0.1424,0.2304666666666667,0.3491333333333334
Washington,WA,0.3183666666666667,0.2497333333333333,0.2144666666666667,0.1595333333333333,0.1168333333333333,0.08213333333333334,0.07406666666666667,0.07236666666666666,0.08376666666666667,0.1432,0.2066,0.2821666666666667
West Virginia,WV,0.1023,0.0845,0.0918,0.05193333333333333,0.04063333333333333,0.03393333333333334,0.03226666666666667,0.03403333333333333,0.036,0.04623333333333333,0.0761,0.1176333333333333
Wisconsin,WI,0.5129666666666667,0.3626333333333333,0.3749333333333333,0.2106333333333333,0.1499333333333333,0.1022666666666667,0.0961,0.1049,0.1008333333333333,0.1726333333333333,0.3339,0.4939
Wyoming,WY,0.0802,0.06283333333333334,0.05713333333333333,0.0366,0.03126666666666666,0.0173,0.0136,0.01336666666666667,0.01476666666666667,0.03403333333333333,0.044,0.0606
Gulf of Mexico,GOM,0,0,0,0,0,0,0,0,0,0,0,0
Newfoundland and Labrador,NL,0,0,0,0,0,0,0,0,0,0,0,0
Prince Edward Island,PE,0,0,0,0,0,0,0,0,0,0,0,0
Nova Scotia,NS,0.02901761812733334,0.02773875512466667,0.03769467534866668,0.01867088189,0.01335543096166667,0.008045159522666668,0.007787362212666668,0.007249990194333335,0.007401843404333334,0.01053802419566667,0.017703965404,0.028393725094
New Brunswick,NB,0.01333918619966667,0.01260393414566667,0.010666098841,0.006673536574666667,0.004195857222666667,0.002319469496,0.001757494903333334,0.001792456456333334,0.002164791110000001,0.003440593505333334,0.006906142732000001,0.01087292526733334
Quebec,QC,0.3438708877510001,0.2990916127196667,0.3322827220930001,0.2008643632480001,0.1331093443966667,0.09887421477566669,0.09875744083433334,0.1049444585586667,0.110878623031,0.1292416784526667,0.227615954792,0.3192493611953334
Ontario,ON,1.087906767082,1.028534398569667,1.014091157132333,0.5332532648723334,0.3662081417950001,0.1965489069080001,0.2041697014523334,0.2247117915796667,0.247577588967,0.3226618206563334,0.3692576838556667,0.9229290842583335
Manitoba,MB,0.13226414591,0.1149360466296667,0.01662604304433334,0.007938038266000001,0.003186680812333334,0.002370440379666667,0.001367738331,0.001658966890333334,0.002168322580000001,0.006844577438333334,0.015715747794,0.02259599307933334
Saskatchewan,SK,0.1353526518563334,0.131401760936,0.123048421798,0.06551995148833334,0.03348210250133334,0.03298651954466667,0.01756564949566667,0.01887935633566667,0.02855240581266667,0.06109560815666668,0.1134924994093333,0.1427143542183334
Alberta,AB,0.6590968451753335,0.5406456910233335,0.5762373759870001,0.3886800625616668,0.3955247577156667,0.1339683156163333,0.112092742417,0.09410743656966668,0.135095678556,0.2523644965520001,0.4631270993473334,0.5015393694000001
British Columbia,BC,0.254903623482,0.2090566673540001,0.1915290400186667,0.123930583004,0.08903718737500002,0.05420300272633334,0.04886342008633334,0.04237563883366668,0.05359182298500001,0.1084343749283334,0.1715823557333334,0.227741675124
Northwest Territories,NT,0,0,0,0,0,0,0,0,0,0,0,0
Yukon,YT,0,0,0,0,0,0,0,0,0,0,0,0
Nunavut,NU,0,0,0,0,0,0,0,0,0,0,0,0
,,,,,,,,,,,,,
Aggregates,,,,,,,,,,,,,
,USA,15.97633333333333,11.98113333333334,12.38683333333333,7.066000000000001,5.949133333333333,4.601299999999999,4.4546,4.573566666666667,4.826633333333333,6.687066666666666,10.74376666666667,16.22303333333333
,Canada,2.655751725583667,2.364008866502667,2.302175534263,1.345530681905,1.038099502780333,0.5293160289693335,0.4923615497326668,0.4957200954183335,0.587431076446,0.8946211738853336,1.385401449067667,2.176036487636667
,Mexico,,,,,,,,,,,,
,Total,18.632085058917,14.345142199836,14.68900886759633,8.411530681905,6.987232836113667,5.130616028969333,4.946961549732667,5.069286762085,5.414064409779334,7.581687840552,12.12916811573433,18.39906982096999
,,,,,,,,,,,,,
,,,,,,,,,,,,,
,,,,,,,,,,,,,
Industrial,,,,,,,,,,,,,
,,Jan 2017,Feb 2017,Mar 2017,Apr 2017,May 2017,Jun 2017,Jul 2017,Aug 2017,Sep 2017,Oct 2017,Nov 2017,Dec 2017
Alabama,AL,0.5936666666666667,0.5173666666666666,0.5793333333333334,0.5304666666666666,0.5428,0.5264,0.523,0.5279,0.5120333333333333,0.5319666666666667,0.5530333333333334,0.6182
Alaska ,AK,0.01673333333333333,0.0156,0.01576666666666666,0.01343333333333333,0.01246666666666667,0.01136666666666667,0.006666666666666667,0.008033333333333333,0.007166666666666667,0.007966666666666667,0.01016666666666667,0.01316666666666667
Arizona,AZ,0.0688,0.05933333333333334,0.05843333333333333,0.05273333333333333,0.052,0.04493333333333333,0.04436666666666667,0.0458,0.04623333333333333,0.05243333333333333,0.04993333333333334,0.06663333333333334
Arkansas,AR,0.3164333333333333,0.2789666666666666,0.2809333333333333,0.2637,0.2738,0.2584666666666667,0.2525666666666667,0.2645333333333333,0.2588666666666667,0.2905666666666666,0.2845333333333334,0.3183
California,CA,2.1425,1.895533333333333,2.098966666666667,2.012033333333333,2.079,2.0104,2.144833333333333,2.3015,2.245433333333333,2.1529,2.0699,2.202433333333333
Colorado,CO,0.3423666666666667,0.263,0.2602,0.2369,0.2228333333333333,0.1794,0.1757666666666667,0.1805,0.1693333333333333,0.2312666666666667,0.261,0.3078666666666667
Connecticut,CT,0.08813333333333333,0.0739,0.08776666666666667,0.0616,0.05853333333333333,0.05636666666666667,0.05833333333333333,0.0579,0.0555,0.05546666666666666,0.07826666666666666,0.0868
Delaware,DE,0.09626666666666667,0.08856666666666667,0.07843333333333333,0.06123333333333333,0.0772,0.0808,0.07573333333333333,0.08306666666666666,0.09756666666666666,0.08823333333333333,0.08446666666666666,0.0837
District of Columbia,DC,0,0,0,0,0,0,0,0,0,0,0,0
Florida,FL,0.315,0.2789666666666666,0.3134333333333333,0.2831333333333333,0.2863333333333333,0.2624666666666667,0.2694,0.2786666666666667,0.2425666666666667,0.2947,0.2992333333333334,0.3233333333333333
Georgia,GA,0.4483666666666667,0.4055333333333334,0.4588,0.3924666666666667,0.4198,0.4194,0.4070666666666667,0.4158333333333333,0.3458333333333333,0.3923666666666666,0.4402333333333333,0.4600333333333333
Hawaii,HI,0.0002666666666666667,0.0002333333333333333,0.0002666666666666667,0.0002333333333333333,0.0002333333333333333,0.0002333333333333333,0.0002333333333333333,0.0002666666666666667,0.0002666666666666667,0.0002333333333333333,0.0002333333333333333,0.0001666666666666667
Idaho,ID,0.1299,0.1091,0.106,0.0939,0.0913,0.08176666666666667,0.08233333333333333,0.0753,0.09003333333333334,0.1082666666666667,0.1108666666666667,0.1164
Illinois,IL,0.9076,0.7635333333333333,0.7904333333333333,0.668,0.6412333333333333,0.5795666666666667,0.5694,0.6066333333333334,0.6084,0.6981,0.8316333333333333,0.9635
Indiana,IN,1.2517,1.083333333333333,1.159866666666667,1.017,0.9568666666666666,0.9016,0.9457666666666666,0.9597,0.9762,0.9784333333333334,1.097133333333333,1.309733333333333
Iowa,IA,0.7197,0.6517333333333334,0.7185333333333334,0.6458,0.6529333333333334,0.6337,0.6408,0.6461,0.6186,0.6305333333333333,0.7131333333333333,0.768
Kansas,KS,0.3688666666666667,0.3367666666666667,0.3353,0.3377666666666667,0.3105666666666667,0.3416666666666667,0.3929,0.3725666666666667,0.3461,0.3163333333333334,0.3817,0.4145666666666667
Kentucky,KY,0.3809666666666667,0.3285,0.3477,0.3009333333333333,0.3063666666666667,0.2823333333333333,0.2666,0.2794333333333333,0.2728666666666666,0.3044333333333333,0.3364666666666667,0.3795
Louisiana,LA,3.151066666666666,2.7531,3.014433333333333,2.9343,2.976433333333333,2.9536,3.0252,3.108966666666667,2.9889,3.120133333333333,3.1863,3.3342
Maine,ME,0.05816666666666667,0.05223333333333333,0.05446666666666666,0.04783333333333333,0.0419,0.04,0.04333333333333333,0.04096666666666667,0.04303333333333333,0.04653333333333334,0.0584,0.06306666666666666
Maryland,MD,0.04966666666666666,0.0427,0.05116666666666667,0.03466666666666667,0.04113333333333333,0.04313333333333334,0.03943333333333333,0.03776666666666666,0.04016666666666667,0.04183333333333333,0.0515,0.05163333333333334
Massachusetts,MA,0.1905666666666667,0.1714666666666667,0.1871666666666667,0.1439666666666667,0.1068333333333333,0.0904,0.08313333333333334,0.08403333333333333,0.08413333333333334,0.09533333333333334,0.1379333333333333,0.1918
Michigan,MI,0.6271666666666667,0.5386,0.5762,0.4287666666666667,0.4084333333333333,0.3562666666666667,0.3547333333333333,0.3931333333333333,0.3771,0.4566666666666667,0.5125,0.6433666666666666
Minnesota,MN,0.5493333333333333,0.4913333333333333,0.4972,0.4579,0.4285666666666667,0.4205666666666666,0.4081333333333333,0.4300666666666667,0.4114,0.4296666666666666,0.4918666666666667,0.5139666666666667
Mississippi,MS,0.3704666666666667,0.3434333333333333,0.3677333333333334,0.3483666666666667,0.3580333333333333,0.3369,0.3342666666666667,0.3541333333333334,0.3477333333333333,0.3483,0.3744666666666667,0.3946333333333333
Missouri,MO,0.2338,0.1879,0.1956333333333333,0.1611333333333333,0.1559666666666667,0.1442333333333333,0.1455666666666667,0.1519,0.1437,0.1701666666666667,0.1872333333333333,0.2280333333333333
Montana,MT,0.06806666666666666,0.05746666666666667,0.0577,0.0447,0.0386,0.049,0.06056666666666666,0.06433333333333334,0.0696,0.08893333333333334,0.08893333333333334,0.09186666666666667
Nebraska,NE,0.284,0.2556666666666667,0.2471,0.2358666666666667,0.2309333333333333,0.2090666666666667,0.2551,0.2425333333333333,0.2241333333333333,0.2623333333333333,0.2598333333333334,0.2775
Nevada,NV,0.0607,0.0506,0.05573333333333334,0.05086666666666666,0.049,0.0494,0.04846666666666666,0.0527,0.051,0.0579,0.05486666666666667,0.06106666666666666
New Hampshire,NH,0.02973333333333333,0.03033333333333333,0.03036666666666667,0.02843333333333333,0.0253,0.02253333333333333,0.02266666666666667,0.02193333333333333,0.02256666666666667,0.02416666666666667,0.02726666666666667,0.03136666666666667
New Jersey,NJ,0.1825,0.1677666666666667,0.1852,0.1348333333333333,0.1454333333333333,0.1493,0.1366333333333333,0.1276666666666667,0.1181666666666667,0.1647,0.1362,0.1615
New Mexico,NM,0.0503,0.0404,0.0374,0.04046666666666666,0.04256666666666667,0.0407,0.04216666666666666,0.042,0.0405,0.04423333333333333,0.04346666666666667,0.04953333333333333
New York,NY,0.2821333333333333,0.2512,0.2745,0.2128333333333333,0.1838666666666667,0.1815,0.1868333333333333,0.192,0.1903666666666667,0.2204333333333333,0.2795666666666667,0.3041
North Carolina,NC,0.3211,0.2887333333333333,0.3210333333333333,0.2761333333333333,0.2770333333333334,0.2703,0.2601666666666667,0.2806666666666667,0.2719333333333334,0.3148,0.3396666666666667,0.3575666666666666
North Dakota,ND,0.0976,0.0786,0.1015,0.09666666666666666,0.09496666666666667,0.09163333333333333,0.08353333333333333,0.08303333333333333,0.0599,0.0886,0.08676666666666667,0.1081333333333333
Ohio,OH,0.9642333333333334,0.8587666666666667,0.89,0.7442666666666666,0.7033,0.6209666666666667,0.6346666666666667,0.6463,0.6791666666666667,0.7078333333333333,0.8408666666666667,0.9685
Oklahoma,OK,0.5934666666666667,0.5131666666666667,0.5915333333333334,0.5686333333333333,0.5526666666666666,0.5292666666666667,0.5227333333333334,0.5373,0.5450333333333334,0.5668666666666666,0.5448,0.5870333333333333
Oregon,OR,0.1967,0.1697666666666667,0.1736,0.1593333333333333,0.1582333333333333,0.1466333333333333,0.1379,0.1423333333333333,0.1454333333333333,0.1631333333333333,0.1597,0.1755
Pennsylvania,PA,0.7091666666666666,0.6358666666666667,0.7027333333333333,0.5688666666666666,0.5606333333333333,0.5323666666666667,0.5267,0.5204666666666666,0.5502333333333334,0.5937333333333333,0.6679333333333334,0.7322333333333333
Rhode Island,RI,0.02686666666666667,0.02636666666666667,0.02386666666666667,0.02663333333333333,0.0222,0.022,0.02146666666666667,0.0224,0.02243333333333333,0.02136666666666667,0.02363333333333333,0.02576666666666667
South Carolina,SC,0.2716333333333333,0.2417,0.2697333333333333,0.2404,0.2478333333333333,0.2379333333333333,0.2332,0.2482333333333333,0.2353,0.2688,0.2845333333333334,0.2755
South Dakota,SD,0.1438,0.1270666666666667,0.1310666666666667,0.1210666666666667,0.1221,0.1189666666666667,0.1196333333333333,0.1214,0.1185,0.1176666666666667,0.1332,0.1415333333333333
Tennessee,TN,0.4200666666666666,0.3896666666666667,0.3994666666666667,0.3557666666666667,0.3677666666666667,0.3546333333333334,0.3493333333333333,0.3630333333333333,0.3467666666666667,0.3491,0.3566666666666667,0.4329
Texas,TX,4.850733333333333,4.411533333333334,4.680866666666667,4.397566666666667,4.437133333333334,4.665866666666667,4.765633333333334,4.6769,4.358533333333333,4.7447,4.875833333333333,5.189166666666667
Utah,UT,0.1259666666666667,0.127,0.113,0.116,0.1082333333333333,0.1037333333333333,0.1011666666666667,0.0969,0.1016,0.09823333333333334,0.1126666666666667,0.1291333333333333
Vermont,VT,0.0074,0.006533333333333334,0.007166666666666667,0.005566666666666667,0.005266666666666667,0.005266666666666667,0.005266666666666667,0.005466666666666667,0.005266666666666667,0.005533333333333334,0.0068,0.007533333333333334
Virginia,VA,0.2647666666666667,0.2693,0.2825666666666667,0.2679,0.2633,0.2615,0.2234666666666667,0.2479666666666667,0.2517666666666667,0.2527666666666666,0.2766666666666667,0.2746333333333333
Washington,WA,0.2725,0.2287,0.2337,0.2092333333333333,0.2021666666666667,0.1984,0.1978333333333333,0.2029333333333333,0.2095666666666667,0.243,0.2331666666666667,0.2573333333333334
West Virginia,WV,0.1219333333333333,0.1076,0.1156,0.09113333333333333,0.0977,0.1001666666666667,0.09843333333333333,0.1033666666666667,0.1015333333333333,0.1064333333333333,0.1148,0.1198666666666667
Wisconsin,WI,0.5614333333333333,0.4614666666666667,0.5035,0.3921666666666667,0.3693333333333333,0.3329333333333334,0.3422666666666667,0.3651333333333333,0.3487,0.4057,0.4992666666666667,0.5821
Wyoming,WY,0.1696333333333333,0.1539333333333333,0.1649333333333333,0.1530333333333333,0.146,0.1338333333333333,0.1324333333333333,0.1399666666666667,0.1397333333333333,0.1463,0.1545,0.1827666666666667
Gulf of Mexico,GOM,0,0,0,0,0,0,0,0,0,0,0,0
Newfoundland and Labrador,NL,0,0,0,0,0,0,0,0,0,0,0,0
Prince Edward Island,PE,0,0,0,0,0,0,0,0,0,0,0,0
Nova Scotia,NS,0.03287127590700001,0.03677272624733334,0.03925334849100001,0.04235680432700001,0.05216993544733334,0.05975765188933334,0.07085376606066668,0.06080555675400001,0.05977436751400001,0.05875589156600002,0.06167712355000001,0.03153944085433334
New Brunswick,NB,0.1185123662986667,0.1388790600826667,0.124430639156,0.07371637564266668,0.06950603939300001,0.06988378896733334,0.072336865745,0.05497121516700001,0.05140348874166668,0.07647398285000001,0.08635986225233336,0.09778663973133335
Quebec,QC,0.3752215126760001,0.3407890915976667,0.395744297434,0.3078966268706667,0.2991738959706667,0.254688910106,0.2553368171353333,0.293100356149,0.281463809352,0.2967895651423334,0.4366999321806667,0.5049940887853334
Ontario,ON,1.075837379778667,1.00287391354,1.057301635474,0.6794816671720002,0.6622807008116668,0.5885033484536668,0.7498024166940002,0.7685261529183335,0.8137143721756668,0.7566999661823335,0.8711265394066668,1.171651222652333
Manitoba,MB,0.2055137789343334,0.177196451308,0.179528987243,0.125391198996,0.09795885775166668,0.05889656178766668,0.05422489784033335,0.06819056681800001,0.08807238977100001,0.121292928061,0.1773298231583334,0.215239918177
Saskatchewan,SK,0.3244922992730001,0.3223403391706667,0.3909716334446667,0.5883777458373334,0.5469282938690001,0.4063624859986667,0.6280674663046667,0.291500600239,0.6049372795300001,0.8178160568650001,0.8869264539023335,0.9277059860116669
Alberta,AB,3.933348813971,3.530183720910334,4.030116389176,3.408889262545667,3.179510986508001,3.352448955858667,3.636265548240334,3.789237292505001,3.797728947551334,3.929660899850001,4.228242921448667,4.486931574476667
British Columbia,BC,0.4499307022513334,0.3852068618166667,0.2984751357733334,0.4672759880190001,0.5139723803976668,0.2672660050796667,0.5142237033460001,0.7075145937476668,0.4991278462526668,0.4156497812360001,0.2862721411883334,0.3070563724420001
Northwest Territories,NT,0.005158300513333334,0.002761844971333333,0.0008102369336666668,0.0005505561730000001,0.0006055293893333334,0.000258503604,0.0002114173373333334,0.0002333124513333334,0.0005964652830000001,0.000116185363,0.0007888126823333335,0.0008010551116666669
Yukon,YT,0,0,0,0,0,0,0,0,0,0,0,0
Nunavut,NU,0,0,0,0,0,0,0,0,0,0,0,0
,,,,,,,,,,,,,
Aggregates,,,,,,,,,,,,,
,USA,24.49393333333334,21.67993333333334,23.22803333333333,21.06663333333333,20.95313333333334,20.48386666666667,20.79783333333333,21.25166666666667,20.5369,21.90009999999999,23.20373333333333,25.37716666666667
,Canada,6.520886429603334,5.937004009644668,6.516632303125668,5.693936225583333,5.422106619538335,5.058066211745001,5.981322898703668,6.034079646749333,6.196818966171335,6.473255257115668,7.035423609769667,7.743706298242334
,Mexico,,,,,,,,,,,,
,Total,31.01481976293667,27.616937342978,29.744665636459,26.76056955891666,26.37523995287168,25.54193287841167,26.779156232037,27.28574631341601,26.73371896617133,28.37335525711566,30.239156943103,33.120872964909
,,,,,,,,,,,,,
,,,,,,,,,,,,,
,,,,,,,,,,,,,
Residential,,,,,,,,,,,,,
,,Jan 2017,Feb 2017,Mar 2017,Apr 2017,May 2017,Jun 2017,Jul 2017,Aug 2017,Sep 2017,Oct 2017,Nov 2017,Dec 2017
Alabama,AL,0.1621333333333333,0.108,0.1062333333333333,0.04553333333333334,0.03093333333333333,0.02386666666666667,0.02263333333333333,0.02186666666666667,0.0247,0.03976666666666667,0.08833333333333333,0.2070333333333333
Alaska ,AK,0.1063,0.08403333333333333,0.08886666666666666,0.04906666666666667,0.03276666666666667,0.02186666666666667,0.01836666666666667,0.02003333333333333,0.02973333333333333,0.05263333333333333,0.0871,0.08416666666666667
Arizona,AZ,0.2218666666666667,0.1945333333333333,0.1234,0.0786,0.05936666666666666,0.04413333333333333,0.0367,0.0337,0.03816666666666667,0.05006666666666667,0.0711,0.1424
Arkansas,AR,0.1913333333333333,0.1125333333333333,0.09836666666666667,0.03893333333333333,0.03173333333333334,0.0207,0.019,0.01843333333333333,0.01953333333333333,0.03103333333333333,0.08473333333333333,0.1904333333333333
California,CA,2.784333333333334,1.7994,1.3536,0.9902333333333333,0.9084,0.6961666666666667,0.6364,0.6008666666666667,0.5924666666666667,0.7889666666666667,1.131633333333333,2.084366666666666
Colorado,CO,0.7573666666666666,0.4888666666666667,0.3940666666666667,0.2946333333333334,0.2088,0.0985,0.08856666666666667,0.0947,0.1185666666666667,0.2896666666666667,0.4171333333333334,0.7018
Connecticut,CT,0.2849666666666666,0.2399666666666667,0.2614666666666667,0.1176333333333333,0.07436666666666666,0.046,0.03583333333333334,0.03416666666666666,0.03636666666666667,0.04766666666666667,0.1596666666666667,0.2762666666666667
Delaware,DE,0.06503333333333333,0.04656666666666667,0.0563,0.0204,0.01166666666666667,0.0069,0.005033333333333333,0.005266666666666667,0.005733333333333333,0.0083,0.03176666666666667,0.0669
District of Columbia,DC,0.07826666666666666,0.05596666666666666,0.05986666666666667,0.02053333333333333,0.01726666666666667,0.01133333333333333,0.009766666666666667,0.009566666666666666,0.009966666666666667,0.01366666666666667,0.03113333333333333,0.07943333333333333
Florida,FL,0.06526666666666667,0.0575,0.05333333333333334,0.0464,0.03533333333333333,0.02933333333333333,0.02593333333333333,0.02503333333333333,0.02743333333333333,0.0308,0.04086666666666667,0.06053333333333333
Georgia,GA,0.6021666666666666,0.4129666666666666,0.4272666666666667,0.1902333333333333,0.1646,0.1369333333333333,0.1313333333333333,0.1349666666666667,0.1368333333333333,0.2240666666666667,0.4031333333333333,0.7438333333333333
Hawaii,HI,0.001933333333333333,0.001733333333333333,0.001733333333333333,0.001633333333333333,0.001466666666666667,0.001633333333333333,0.001433333333333333,0.0014,0.001466666666666667,0.001433333333333333,0.001566666666666667,0.001666666666666667
Idaho,ID,0.2066333333333333,0.1276333333333333,0.08896666666666667,0.0672,0.03713333333333333,0.01996666666666667,0.01726666666666667,0.01766666666666667,0.02786666666666667,0.07156666666666667,0.1023,0.1757666666666667
Illinois,IL,2.4013,1.582966666666667,1.736366666666667,0.7762666666666667,0.5656,0.3058,0.2888,0.2694666666666667,0.2684666666666667,0.5937,1.4789,2.316066666666666
Indiana,IN,0.7835,0.5116,0.5719,0.2358333333333333,0.1762666666666667,0.0805,0.06986666666666666,0.0672,0.08326666666666667,0.1851,0.4811666666666667,0.8820333333333333
Iowa,IA,0.4003333333333333,0.2793666666666667,0.2687,0.1349,0.08123333333333334,0.04253333333333333,0.03426666666666667,0.03683333333333334,0.03756666666666666,0.0984,0.2218,0.3761333333333333
Kansas,KS,0.4113666666666667,0.2221,0.2150333333333333,0.1021,0.0592,0.04093333333333334,0.03363333333333333,0.03543333333333333,0.03886666666666667,0.07463333333333333,0.2224666666666667,0.3590666666666666
Kentucky,KY,0.2755,0.1865666666666667,0.1882666666666667,0.06773333333333334,0.0396,0.0259,0.02396666666666667,0.02613333333333333,0.0325,0.0673,0.1768333333333333,0.3315
Louisiana,LA,0.1642666666666667,0.09686666666666667,0.08996666666666667,0.05683333333333333,0.04763333333333333,0.0429,0.04103333333333333,0.04023333333333334,0.0407,0.0512,0.08863333333333333,0.2083666666666667
Maine,ME,0.0149,0.01316666666666667,0.0142,0.007833333333333333,0.0045,0.002533333333333333,0.001733333333333333,0.0018,0.001933333333333333,0.002833333333333334,0.0088,0.01733333333333333
Maryland,MD,0.4713,0.3676333333333333,0.3814333333333333,0.1134,0.09976666666666667,0.05963333333333334,0.05503333333333333,0.0442,0.05773333333333333,0.08086666666666667,0.2906,0.5047
Massachusetts,MA,0.6505,0.5510333333333334,0.6740333333333334,0.2898666666666667,0.1983333333333333,0.1099666666666667,0.08693333333333333,0.08323333333333334,0.0898,0.1371666666666667,0.4050333333333334,0.7634666666666666
Michigan,MI,1.734066666666667,1.280933333333333,1.432533333333333,0.6276666666666667,0.4566,0.2018666666666667,0.1707666666666667,0.1802666666666667,0.2347,0.4837333333333333,1.234566666666667,1.934266666666667
Minnesota,MN,0.7807666666666667,0.5502333333333334,0.5552333333333334,0.2769333333333333,0.1681333333333333,0.0999,0.07586666666666667,0.08366666666666667,0.0852,0.2175333333333333,0.5010666666666667,0.7353666666666666
Mississippi,MS,0.1139,0.07033333333333333,0.07176666666666667,0.0269,0.02426666666666667,0.01753333333333333,0.01726666666666667,0.01843333333333333,0.02073333333333333,0.0294,0.06626666666666667,0.1380666666666667
Missouri,MO,0.6313333333333333,0.3662,0.3432666666666667,0.1477333333333333,0.1106333333333333,0.06346666666666667,0.05323333333333333,0.05593333333333333,0.0598,0.07703333333333333,0.3454333333333333,0.6414666666666666
Montana,MT,0.1403666666666667,0.09926666666666667,0.07436666666666666,0.0536,0.03006666666666667,0.0158,0.01143333333333333,0.01163333333333333,0.02123333333333333,0.0529,0.0845,0.1209
Nebraska,NE,0.2521,0.1560333333333333,0.1385333333333333,0.07436666666666666,0.0504,0.02856666666666667,0.02243333333333333,0.01446666666666667,0.02063333333333333,0.0468,0.1324333333333333,0.1989
Nevada,NV,0.2859333333333333,0.2085333333333333,0.1465333333333333,0.09313333333333333,0.0674,0.05333333333333334,0.04366666666666667,0.03843333333333333,0.0492,0.06783333333333333,0.0991,0.2105333333333333
New Hampshire,NH,0.04116666666666666,0.0333,0.03946666666666666,0.01593333333333333,0.01126666666666667,0.005866666666666667,0.004566666666666667,0.005266666666666667,0.005166666666666667,0.008566666666666667,0.02623333333333333,0.0476
New Jersey,NJ,1.325466666666667,1.014233333333333,1.136,0.4932333333333334,0.3118333333333334,0.2061666666666667,0.1619,0.1429333333333333,0.1446,0.2935666666666666,0.7205666666666667,1.4365
New Mexico,NM,0.2008,0.1398666666666667,0.0991,0.0695,0.04696666666666666,0.0317,0.02796666666666667,0.02726666666666667,0.02886666666666667,0.05056666666666667,0.0957,0.1814666666666667
New York,NY,2.431766666666667,2.011533333333333,2.2685,1.0301,0.6871666666666667,0.4618666666666666,0.3576666666666667,0.3405333333333334,0.3651333333333333,0.5151,1.421833333333333,2.523833333333333
North Carolina,NC,0.3981333333333333,0.2376333333333333,0.2721666666666667,0.07696666666666667,0.05046666666666667,0.03463333333333334,0.03783333333333333,0.0331,0.03653333333333333,0.07033333333333333,0.2679666666666667,0.482
North Dakota,ND,0.07086666666666666,0.05256666666666666,0.04916666666666666,0.02456666666666667,0.01156666666666667,0.006333333333333333,0.005166666666666667,0.0059,0.007833333333333333,0.0223,0.04626666666666666,0.0646
Ohio,OH,1.564866666666667,1.108066666666667,1.248466666666667,0.4666,0.3331333333333333,0.1779666666666667,0.1571333333333333,0.1681666666666667,0.1891666666666667,0.4071333333333333,1.033233333333333,1.769333333333333
Oklahoma,OK,0.3929666666666667,0.2148666666666667,0.1585333333333333,0.09123333333333333,0.0626,0.04333333333333333,0.03906666666666667,0.04326666666666667,0.042,0.05036666666666666,0.1641666666666667,0.3998666666666666
Oregon,OR,0.3178,0.2135333333333333,0.1712,0.1255333333333333,0.07156666666666667,0.04433333333333334,0.02886666666666667,0.02593333333333333,0.0397,0.1049666666666667,0.1775,0.2737666666666667
Pennsylvania,PA,1.332033333333333,1.032366666666667,1.125166666666667,0.4579666666666667,0.3165,0.1699666666666667,0.1398666666666667,0.1292666666666667,0.1533666666666667,0.2625,0.7617333333333334,1.409933333333333
Rhode Island,RI,0.0987,0.08376666666666667,0.1042,0.03973333333333334,0.0266,0.0154,0.0138,0.01356666666666667,0.01286666666666667,0.02093333333333334,0.06836666666666667,0.1161666666666667
South Carolina,SC,0.1593,0.0972,0.1088333333333333,0.03923333333333334,0.0219,0.01753333333333333,0.01863333333333333,0.01606666666666667,0.01803333333333333,0.02783333333333333,0.0992,0.1948333333333333
South Dakota,SD,0.08283333333333333,0.0556,0.05126666666666667,0.03016666666666667,0.01606666666666667,0.008833333333333334,0.0065,0.007366666666666666,0.008133333333333333,0.0228,0.04276666666666667,0.07253333333333334
Tennessee,TN,0.3749333333333333,0.2405666666666667,0.2296,0.07876666666666667,0.05736666666666667,0.03893333333333333,0.0336,0.03276666666666667,0.04176666666666667,0.0633,0.2277,0.4694333333333333
Texas,TX,1.3012,0.7376,0.534,0.3137666666666667,0.2583,0.1941,0.2001,0.1812666666666667,0.1962666666666667,0.2590666666666667,0.4408,0.8548333333333333
Utah,UT,0.466,0.2475666666666667,0.1901333333333333,0.1658666666666667,0.09633333333333334,0.07423333333333333,0.056,0.04903333333333333,0.0607,0.1509,0.2324333333333333,0.4341
Vermont,VT,0.01853333333333333,0.0169,0.019,0.01036666666666667,0.006233333333333333,0.004366666666666666,0.002733333333333333,0.0026,0.0029,0.0037,0.01003333333333333,0.01956666666666667
Virginia,VA,0.5126666666666667,0.3467666666666667,0.3689,0.1265,0.08336666666666667,0.0599,0.05523333333333334,0.0529,0.05633333333333333,0.09523333333333334,0.2698,0.5359
Washington,WA,0.5614666666666667,0.4151,0.3475333333333334,0.2344666666666667,0.1348666666666667,0.0742,0.06006666666666666,0.0583,0.08136666666666667,0.2154666666666667,0.3527333333333333,0.4986666666666666
West Virginia,WV,0.1360333333333333,0.1039,0.1163,0.0457,0.02526666666666667,0.01083333333333333,0.01186666666666667,0.01013333333333333,0.01616666666666667,0.0338,0.08703333333333334,0.1491
Wisconsin,WI,0.7846333333333333,0.5750666666666666,0.6217666666666667,0.2813,0.1989,0.09316666666666666,0.07686666666666667,0.08343333333333333,0.0913,0.2093666666666667,0.5111333333333333,0.8403333333333334
Wyoming,WY,0.07813333333333333,0.0599,0.05066666666666667,0.03336666666666667,0.02653333333333333,0.0124,0.007033333333333333,0.007066666666666666,0.008866666666666667,0.0317,0.0427,0.06003333333333333
Gulf of Mexico,GOM,0,0,0,0,0,0,0,0,0,0,0,0
Newfoundland and Labrador,NL,0,0,0,0,0,0,0,0,0,0,0,0
Prince Edward Island,PE,0,0,0,0,0,0,0,0,0,0,0,0
Nova Scotia,NS,0.001565500651,0.001241782567666667,0.001227538972,0.0008479059470000002,0.0002502635073333334,0.000174101471,0.000108769276,9.793943466666669e-05,0.0001892867920000001,0.000276160954,0.0005850468633333334,0.001254731291
New Brunswick,NB,0.003341359198333334,0.003084974476333334,0.002258728212,0.001463088021,0.001086633319,0.0004868719973333334,0.0003447891876666667,0.0003572670483333334,0.000449909278,0.0008304840283333334,0.001426949311333334,0.001971855132333334
Quebec,QC,0.1294422659486667,0.108734314447,0.1178609277993334,0.06646485514466667,0.04547956553233334,0.022727834626,0.02223790202133334,0.014733999134,0.01765699685300001,0.02354572307800001,0.06528557959600001,0.1168043119753334
Ontario,ON,1.705645154499334,1.48688306586,1.460093805302667,0.8892693488160002,0.5902257640883335,0.3042426148616667,0.2572526396103333,0.2400165939813334,0.2850982805603334,0.3600384282736667,0.3658193269480001,1.431763646668667
Manitoba,MB,0.1136567127643334,0.09087849583300002,0.08669287987333335,0.04388345880800001,0.01981001639633334,0.01417932291266667,0.009435263830333336,0.010488112753,0.015346002885,0.03987253289766667,0.09097137349400003,0.1200524403656667
Saskatchewan,SK,0.1828430364066667,0.1494392148236667,0.1373686503636667,0.06893452983133334,0.02821668073133334,0.02309934527000001,0.01727147804466667,0.02031631147866667,0.03376544411100001,0.07930139544766668,0.1766174079436667,0.1961301922816667
Alberta,AB,0.8651095031050001,0.6676592473373334,0.6728901784170002,0.4716206378443334,0.4523344561646668,0.1490401587136667,0.1213705026853334,0.10088350349,0.137355819356,0.2766020346030001,0.5124483156613334,0.6455809677600001
British Columbia,BC,0.4157194689106667,0.3451629349083334,0.2845346579483334,0.195834843674,0.124973779242,0.07397358437433335,0.06224392448500001,0.05723029652600001,0.07462443429533334,0.174717712515,0.2789944878123334,0.3795063629426668
Northwest Territories,NT,0,0,0,0,0,0,0,0,0,0,0,0
Yukon,YT,0,0,0,0,0,0,0,0,0,0,0,0
Nunavut,NU,0,0,0,0,0,0,0,0,0,0,0,0
,,,,,,,,,,,,,
Aggregates,,,,,,,,,,,,,
,USA,27.68933333333334,19.31043333333334,19.32556666666666,9.296999999999995,6.648266666666667,4.134566666666668,3.580666666666667,3.461166666666667,3.818233333333334,6.835566666666669,15.58796666666667,27.38716666666666
,Canada,3.417323001484001,2.853084030253334,2.762927366888334,1.738318668086334,1.262377158981334,0.5879238342266667,0.4902652691406666,0.4441240238460001,0.5644861741306668,0.9551844717973336,1.49214848763,2.893064508417334
,Mexico,,,,,,,,,,,,
,Total,31.10665633481734,22.16351736358667,22.08849403355499,11.03531866808633,7.910643825648,4.722490500893335,4.070931935807334,3.905290690512667,4.382719507464,7.790751138464002,17.08011515429667,30.28023117508399
,,,,,,,,,,,,,
,,,,,,,,,,,,,
,,,,,,,,,,,,,
Vehicle,,,,,,,,,,,,,
,,Jan 2017,Feb 2017,Mar 2017,Apr 2017,May 2017,Jun 2017,Jul 2017,Aug 2017,Sep 2017,Oct 2017,Nov 2017,Dec 2017
Alabama,AL,0.0004666666666666667,0.0004333333333333333,0.0004666666666666667,0.0004666666666666667,0.0004666666666666667,0.0004666666666666667,0.0004666666666666667,0.0004666666666666667,0.0004666666666666667,0.0004666666666666667,0.0004666666666666667,0.0004666666666666667
Alaska ,AK,3.333333333333333e-05,3.333333333333333e-05,3.333333333333333e-05,3.333333333333333e-05,3.333333333333333e-05,3.333333333333333e-05,3.333333333333333e-05,3.333333333333333e-05,3.333333333333333e-05,3.333333333333333e-05,3.333333333333333e-05,3.333333333333333e-05
Arizona,AZ,0.0081,0.0073,0.0081,0.007833333333333333,0.0081,0.007833333333333333,0.0081,0.0081,0.007833333333333333,0.0081,0.007833333333333333,0.0081
Arkansas,AR,0.0001333333333333333,0.0001333333333333333,0.0001333333333333333,0.0001333333333333333,0.0001333333333333333,0.0001333333333333333,0.0001333333333333333,0.0001333333333333333,0.0001333333333333333,0.0001333333333333333,0.0001333333333333333,0.0001333333333333333
California,CA,0.06256666666666667,0.0565,0.06256666666666667,0.06053333333333333,0.06256666666666667,0.06053333333333333,0.06256666666666667,0.06256666666666667,0.06053333333333333,0.06256666666666667,0.06053333333333333,0.06256666666666667
Colorado,CO,0.0015,0.001333333333333333,0.0015,0.001433333333333333,0.0015,0.001433333333333333,0.0015,0.0015,0.001433333333333333,0.0015,0.001433333333333333,0.0015
Connecticut,CT,6.666666666666667e-05,6.666666666666667e-05,6.666666666666667e-05,6.666666666666667e-05,6.666666666666667e-05,6.666666666666667e-05,6.666666666666667e-05,6.666666666666667e-05,6.666666666666667e-05,6.666666666666667e-05,6.666666666666667e-05,6.666666666666667e-05
Delaware,DE,0,0,0,0,0,0,0,0,0,0,0,0
District of Columbia,DC,0.003133333333333333,0.002833333333333334,0.003133333333333333,0.003033333333333333,0.003133333333333333,0.003033333333333333,0.003133333333333333,0.003133333333333333,0.003033333333333333,0.003133333333333333,0.003033333333333333,0.003133333333333333
Florida,FL,0.002,0.0018,0.002,0.001933333333333333,0.002,0.001933333333333333,0.002,0.002,0.001933333333333333,0.002,0.001933333333333333,0.002
Georgia,GA,0.003066666666666667,0.002766666666666667,0.003066666666666667,0.002966666666666666,0.003066666666666667,0.002966666666666666,0.003066666666666667,0.003066666666666667,0.002966666666666666,0.003066666666666667,0.002966666666666666,0.003066666666666667
Hawaii,HI,0,0,0,0,0,0,0,0,0,0,0,0
Idaho,ID,0.0004666666666666667,0.0004333333333333333,0.0004666666666666667,0.0004333333333333333,0.0004666666666666667,0.0004333333333333333,0.0004666666666666667,0.0004666666666666667,0.0004333333333333333,0.0004666666666666667,0.0004333333333333333,0.0004666666666666667
Illinois,IL,0.001566666666666667,0.0014,0.001566666666666667,0.0015,0.001566666666666667,0.0015,0.001566666666666667,0.001566666666666667,0.0015,0.001566666666666667,0.0015,0.001566666666666667
Indiana,IN,0.0004,0.0003666666666666667,0.0004,0.0004,0.0004,0.0004,0.0004,0.0004,0.0004,0.0004,0.0004,0.0004
Iowa,IA,0.0001,0.0001,0.0001,0.0001,0.0001,0.0001,0.0001,0.0001,0.0001,0.0001,0.0001,0.0001
Kansas,KS,0.0006,0.0005333333333333334,0.0006,0.0006,0.0006,0.0006,0.0006,0.0006,0.0006,0.0006,0.0006,0.0006
Kentucky,KY,0.0004,0.0003666666666666667,0.0004,0.0004,0.0004,0.0004,0.0004,0.0004,0.0004,0.0004,0.0004,0.0004
Louisiana,LA,0.0006333333333333333,0.0005666666666666667,0.0006333333333333333,0.0006,0.0006333333333333333,0.0006,0.0006333333333333333,0.0006333333333333333,0.0006,0.0006333333333333333,0.0006,0.0006333333333333333
Maine,ME,0,0,0,0,0,0,0,0,0,0,0,0
Maryland,MD,0.0004666666666666667,0.0004333333333333333,0.0004666666666666667,0.0004666666666666667,0.0004666666666666667,0.0004666666666666667,0.0004666666666666667,0.0004666666666666667,0.0004666666666666667,0.0004666666666666667,0.0004666666666666667,0.0004666666666666667
Massachusetts,MA,0.0012,0.001066666666666667,0.0012,0.001133333333333333,0.0012,0.001133333333333333,0.0012,0.0012,0.001133333333333333,0.0012,0.001133333333333333,0.0012
Michigan,MI,0.0013,0.0012,0.0013,0.001266666666666667,0.0013,0.001266666666666667,0.0013,0.0013,0.001266666666666667,0.0013,0.001266666666666667,0.0013
Minnesota,MN,0.0004666666666666667,0.0004,0.0004666666666666667,0.0004333333333333333,0.0004666666666666667,0.0004333333333333333,0.0004666666666666667,0.0004666666666666667,0.0004333333333333333,0.0004666666666666667,0.0004333333333333333,0.0004666666666666667
Mississippi,MS,0.0002333333333333333,0.0002333333333333333,0.0002333333333333333,0.0002333333333333333,0.0002333333333333333,0.0002333333333333333,0.0002333333333333333,0.0002333333333333333,0.0002333333333333333,0.0002333333333333333,0.0002333333333333333,0.0002333333333333333
Missouri,MO,0.0008666666666666666,0.0007666666666666667,0.0008666666666666666,0.0008333333333333334,0.0008666666666666666,0.0008333333333333334,0.0008666666666666666,0.0008666666666666666,0.0008333333333333334,0.0008666666666666666,0.0008333333333333334,0.0008666666666666666
Montana,MT,0,0,0,0,0,0,0,0,0,0,0,0
Nebraska,NE,0.0002666666666666667,0.0002333333333333333,0.0002666666666666667,0.0002666666666666667,0.0002666666666666667,0.0002666666666666667,0.0002666666666666667,0.0002666666666666667,0.0002666666666666667,0.0002666666666666667,0.0002666666666666667,0.0002666666666666667
Nevada,NV,0.0062,0.0056,0.0062,0.006,0.0062,0.006,0.0062,0.0062,0.006,0.0062,0.006,0.0062
New Hampshire,NH,0.0003333333333333333,0.0003,0.0003333333333333333,0.0003,0.0003333333333333333,0.0003,0.0003333333333333333,0.0003333333333333333,0.0003,0.0003333333333333333,0.0003,0.0003333333333333333
New Jersey,NJ,0.0011,0.001,0.0011,0.001066666666666667,0.0011,0.001066666666666667,0.0011,0.0011,0.001066666666666667,0.0011,0.001066666666666667,0.0011
New Mexico,NM,0.0003666666666666667,0.0003333333333333333,0.0003666666666666667,0.0003333333333333333,0.0003666666666666667,0.0003333333333333333,0.0003666666666666667,0.0003666666666666667,0.0003333333333333333,0.0003666666666666667,0.0003333333333333333,0.0003666666666666667
New York,NY,0.01253333333333333,0.01133333333333333,0.01253333333333333,0.01213333333333333,0.01253333333333333,0.01213333333333333,0.01253333333333333,0.01253333333333333,0.01213333333333333,0.01253333333333333,0.01213333333333333,0.01253333333333333
North Carolina,NC,0.0007,0.0006333333333333333,0.0007,0.0006666666666666666,0.0007,0.0006666666666666666,0.0007,0.0007,0.0006666666666666666,0.0007,0.0006666666666666666,0.0007
North Dakota,ND,0,0,0,0,0,0,0,0,0,0,0,0
Ohio,OH,0.0028,0.002533333333333333,0.0028,0.002733333333333333,0.0028,0.002733333333333333,0.0028,0.0028,0.002733333333333333,0.0028,0.002733333333333333,0.0028
Oklahoma,OK,0.001733333333333333,0.001566666666666667,0.001733333333333333,0.001666666666666667,0.001733333333333333,0.001666666666666667,0.001733333333333333,0.001733333333333333,0.001666666666666667,0.001733333333333333,0.001666666666666667,0.001733333333333333
Oregon,OR,0.0007666666666666667,0.0007,0.0007666666666666667,0.0007333333333333333,0.0007666666666666667,0.0007333333333333333,0.0007666666666666667,0.0007666666666666667,0.0007333333333333333,0.0007666666666666667,0.0007333333333333333,0.0007666666666666667
Pennsylvania,PA,0.001633333333333333,0.001466666666666667,0.001633333333333333,0.001566666666666667,0.001633333333333333,0.001566666666666667,0.001633333333333333,0.001633333333333333,0.001566666666666667,0.001633333333333333,0.001566666666666667,0.001633333333333333
Rhode Island,RI,0.0003333333333333333,0.0003,0.0003333333333333333,0.0003333333333333333,0.0003333333333333333,0.0003333333333333333,0.0003333333333333333,0.0003333333333333333,0.0003333333333333333,0.0003333333333333333,0.0003333333333333333,0.0003333333333333333
South Carolina,SC,0.0002666666666666667,0.0002333333333333333,0.0002666666666666667,0.0002666666666666667,0.0002666666666666667,0.0002666666666666667,0.0002666666666666667,0.0002666666666666667,0.0002666666666666667,0.0002666666666666667,0.0002666666666666667,0.0002666666666666667
South Dakota,SD,0,0,0,0,0,0,0,0,0,0,0,0
Tennessee,TN,0.0009666666666666667,0.0008666666666666666,0.0009666666666666667,0.0009333333333333333,0.0009666666666666667,0.0009333333333333333,0.0009666666666666667,0.0009666666666666667,0.0009333333333333333,0.0009666666666666667,0.0009333333333333333,0.0009666666666666667
Texas,TX,0.0127,0.01146666666666667,0.0127,0.0123,0.0127,0.0123,0.0127,0.0127,0.0123,0.0127,0.0123,0.0127
Utah,UT,0.001,0.0009,0.001,0.0009666666666666667,0.001,0.0009666666666666667,0.001,0.001,0.0009666666666666667,0.001,0.0009666666666666667,0.001
Vermont,VT,0,0,0,0,0,0,0,0,0,0,0,0
Virginia,VA,0.002166666666666667,0.001966666666666666,0.002166666666666667,0.0021,0.002166666666666667,0.0021,0.002166666666666667,0.002166666666666667,0.0021,0.002166666666666667,0.0021,0.002166666666666667
Washington,WA,0.001633333333333333,0.001466666666666667,0.001633333333333333,0.001566666666666667,0.001633333333333333,0.001566666666666667,0.001633333333333333,0.001633333333333333,0.001566666666666667,0.001633333333333333,0.001566666666666667,0.001633333333333333
West Virginia,WV,0.0001,0.0001,0.0001,0.0001,0.0001,0.0001,0.0001,0.0001,0.0001,0.0001,0.0001,0.0001
Wisconsin,WI,0.0002666666666666667,0.0002666666666666667,0.0002666666666666667,0.0002666666666666667,0.0002666666666666667,0.0002666666666666667,0.0002666666666666667,0.0002666666666666667,0.0002666666666666667,0.0002666666666666667,0.0002666666666666667,0.0002666666666666667
Wyoming,WY,0.0001,6.666666666666667e-05,0.0001,0.0001,0.0001,0.0001,0.0001,0.0001,0.0001,0.0001,0.0001,0.0001
Gulf of Mexico,GOM,0,0,0,0,0,0,0,0,0,0,0,0
Newfoundland and Labrador,NL,0,0,0,0,0,0,0,0,0,0,0,0
Prince Edward Island,PE,0,0,0,0,0,0,0,0,0,0,0,0
Nova Scotia,NS,0,0,0,0,0,0,0,0,0,0,0,0
New Brunswick,NB,0,0,0,0,0,0,0,0,0,0,0,0
Quebec,QC,0,0,0,0,0,0,0,0,0,0,0,0
Ontario,ON,0,0,0,0,0,0,0,0,0,0,0,0
Manitoba,MB,0,0,0,0,0,0,0,0,0,0,0,0
Saskatchewan,SK,0,0,0,0,0,0,0,0,0,0,0,0
Alberta,AB,0,0,0,0,0,0,0,0,0,0,0,0
British Columbia,BC,0,0,0,0,0,0,0,0,0,0,0,0
Northwest Territories,NT,0,0,0,0,0,0,0,0,0,0,0,0
Yukon,YT,0,0,0,0,0,0,0,0,0,0,0,0
Nunavut,NU,0,0,0,0,0,0,0,0,0,0,0,0
,,,,,,,,,,,,,
Aggregates,,,,,,,,,,,,,
,USA,0.1377333333333333,0.1244,0.1377333333333333,0.1332333333333333,0.1377333333333333,0.1332333333333333,0.1377333333333333,0.1377333333333333,0.1332333333333333,0.1377333333333333,0.1332333333333333,0.1377333333333333
,Canada,0,0,0,0,0,0,0,0,0,0,0,0
,Mexico,,,,,,,,,,,,
,Total,0.1377333333333333,0.1244,0.1377333333333333,0.1332333333333333,0.1377333333333333,0.1332333333333333,0.1377333333333333,0.1377333333333333,0.1332333333333333,0.1377333333333333,0.1332333333333333,0.1377333333333333
,,,,,,,,,,,,,
,,,,,,,,,,,,,
,,,,,,,,,,,,,
Electric,,,,,,,,,,,,,
,,Jan 2017,Feb 2017,Mar 2017,Apr 2017,May 2017,Jun 2017,Jul 2017,Aug 2017,Sep 2017,Oct 2017,Nov 2017,Dec 2017
Alabama,AL,0.8569333333333333,0.7724666666666666,1.017633333333333,0.993,1.033133333333333,1.119966666666667,1.439433333333333,1.396366666666667,1.197833333333333,1.0656,1.0221,1.0009
Alaska ,AK,0.0777,0.049,0.06386666666666667,0.05033333333333333,0.0466,0.05993333333333333,0.1025,0.1049333333333333,0.08633333333333333,0.0913,0.07623333333333333,0.09596666666666667
Arizona,AZ,0.3174,0.1798666666666667,0.2435666666666667,0.4721666666666667,0.6359,0.916,1.133366666666667,1.039133333333333,0.8260666666666666,0.7193333333333334,0.4258333333333333,0.5194333333333333
Arkansas,AR,0.1622,0.2474666666666667,0.3676666666666666,0.3841666666666667,0.4366666666666666,0.4499333333333334,0.5600666666666667,0.4707,0.3593666666666667,0.3511666666666667,0.2184,0.4268666666666667
California,CA,1.705233333333333,1.250266666666667,1.0502,0.9139,1.1798,1.644866666666667,2.237366666666667,2.6024,2.086966666666667,1.949733333333333,1.600433333333333,1.6845
Colorado,CO,0.2761666666666667,0.1893333333333333,0.1942,0.2447666666666667,0.2433,0.2973,0.4211333333333334,0.3758666666666667,0.3069666666666667,0.2143666666666667,0.2213666666666667,0.2960666666666666
Connecticut,CT,0.3384666666666667,0.2713333333333333,0.264,0.2352666666666667,0.2171,0.2637,0.3602333333333333,0.3618,0.2735333333333334,0.3105666666666667,0.3417666666666667,0.336
Delaware,DE,0.08783333333333333,0.09356666666666667,0.1402666666666667,0.1032,0.1659,0.1678,0.1827,0.1707666666666667,0.1252666666666667,0.1223666666666667,0.07936666666666667,0.0874
District of Columbia,DC,0,0,0,0,0,0,0,0,0,0,0,0
Florida,FL,2.584333333333333,2.431266666666667,3.016833333333333,3.1184,3.666933333333333,3.657866666666667,4.169633333333334,4.269033333333334,3.749633333333333,3.557133333333333,2.767266666666667,2.883566666666667
Georgia,GA,0.9478,0.9223,0.9187666666666666,0.8087333333333333,1.020933333333333,1.149833333333333,1.328666666666667,1.3729,1.123033333333333,0.9970333333333333,0.8973333333333333,1.094366666666667
Hawaii,HI,0,0,0,0,0,0,0,0,0,0,0,0
Idaho,ID,0.05793333333333334,0.0359,0.04413333333333333,0.03496666666666667,0.03393333333333334,0.04453333333333333,0.0827,0.0822,0.0668,0.0682,0.0536,0.0689
Illinois,IL,0.2448333333333333,0.2464666666666667,0.3356,0.2133666666666667,0.2795333333333334,0.4162666666666667,0.5186333333333333,0.4125333333333333,0.3775,0.2994,0.2514333333333333,0.3005333333333333
Indiana,IN,0.4223,0.3697666666666667,0.4788666666666667,0.3238333333333333,0.2574,0.3982333333333333,0.5107333333333334,0.4613333333333333,0.4614333333333333,0.4053,0.4217,0.5497333333333333
Iowa,IA,0.05276666666666667,0.03173333333333334,0.04186666666666667,0.05363333333333333,0.04833333333333333,0.06563333333333334,0.1261666666666667,0.1311666666666667,0.1065666666666667,0.08743333333333334,0.06993333333333333,0.1083
Kansas,KS,0.02913333333333333,0.0207,0.04836666666666667,0.05066666666666667,0.05326666666666666,0.0868,0.1345666666666667,0.09506666666666666,0.0678,0.08393333333333333,0.0521,0.05273333333333333
Kentucky,KY,0.1702,0.1431,0.2473666666666667,0.2205333333333333,0.2150333333333333,0.2632333333333333,0.3623,0.2833666666666667,0.2222,0.1773,0.2516666666666666,0.2729333333333333
Louisiana,LA,0.4994,0.5278333333333334,0.7072,0.6979666666666666,0.7971666666666667,0.8844,1.0072,0.9746666666666667,0.8572666666666666,0.8681666666666666,0.5206,0.7300666666666666
Maine,ME,0.04673333333333334,0,0,0,0,0,0,0,0,0,0,0.05336666666666667
Maryland,MD,0.06533333333333333,0.09026666666666666,0.1545666666666667,0.126,0.1089,0.1541333333333333,0.1983666666666667,0.1633333333333333,0.1984,0.1087333333333333,0.1739333333333333,0.1681333333333333
Massachusetts,MA,0.4166,0.3841333333333333,0.4522333333333333,0.4543333333333333,0.4405666666666667,0.504,0.5757666666666666,0.5834666666666667,0.4477,0.4023333333333333,0.3294666666666667,0.447
Michigan,MI,0.5479666666666667,0.4099666666666666,0.6350666666666667,0.4623,0.5289,0.5916333333333333,0.7932333333333333,0.7117666666666667,0.6233333333333333,0.6416666666666667,0.5585333333333333,0.7051
Minnesota,MN,0.1631,0.0974,0.1271,0.09966666666666667,0.1038333333333333,0.1319,0.2679333333333334,0.2424666666666667,0.1988,0.1863666666666667,0.1498666666666667,0.1887
Mississippi,MS,0.8527,0.6280666666666667,0.9868,0.8424666666666667,1.0102,1.0179,1.307866666666667,1.212,0.9894,0.8623333333333333,0.8176,1.038966666666667
Missouri,MO,0.09926666666666667,0.0861,0.1179333333333333,0.08986666666666666,0.0981,0.142,0.1940333333333333,0.1527333333333333,0.1566,0,0.1182333333333333,0.1127666666666667
Montana,MT,0.01346666666666667,0.0096,0.01143333333333333,0.0111,0.01063333333333333,0.0105,0.02113333333333333,0.02423333333333333,0.01773333333333333,0.01446666666666667,0.01133333333333333,0.015
Nebraska,NE,0.0091,0.004766666666666666,0.01193333333333333,0.007,0.0114,0.015,0.05043333333333333,0.02563333333333333,0.0196,0.01063333333333333,0.0094,0.009466666666666667
Nevada,NV,0.5393666666666667,0.4389333333333333,0.4279,0.3981666666666667,0.4860666666666666,0.6422333333333333,0.7656666666666667,0.7476,0.5881,0.5607666666666666,0.4679,0.4921666666666666
New Hampshire,NH,0.0368,0.02976666666666667,0.0488,0.1190666666666667,0.0592,0.0835,0.09743333333333333,0.1156,0.1108,0.0556,0.06166666666666667,0.04763333333333333
New Jersey,NJ,0.6879,0.5751666666666667,0.8849333333333333,0.6716666666666666,0.7403666666666666,0.8867666666666667,1.0437,0.8834,0.7876333333333333,0.7250333333333333,0.6194666666666667,0.7693666666666666
New Mexico,NM,0.2077,0.1668,0.1698666666666667,0.1510333333333333,0.2038666666666667,0.2691666666666667,0.3060333333333333,0.2572333333333333,0.2200333333333333,0.1994,0.1634333333333333,0.2069
New York,NY,1.030866666666667,0.8868666666666667,1.116866666666667,0.8554333333333334,0.9440666666666667,1.264466666666667,1.571533333333333,1.481666666666667,1.2216,1.003833333333333,0.9278333333333333,1.041766666666667
North Carolina,NC,0.7337666666666667,0.7310333333333333,0.8293,0.6099,0.7327666666666667,0.8088333333333333,0.9404,0.9167666666666666,0.8233,0.751,0.7562333333333333,0.8948
North Dakota,ND,0.02873333333333333,0.0208,0.0225,0.02093333333333334,0.02093333333333334,0.02536666666666667,0.03753333333333334,0.03703333333333333,0.03243333333333333,0.02996666666666667,0.02736666666666667,0.0331
Ohio,OH,0.5029666666666667,0.4656,0.5321333333333333,0.3944,0.4917333333333334,0.567,0.7047333333333333,0.6971333333333334,0.588,0.5089666666666667,0.6830333333333334,0.7182333333333333
Oklahoma,OK,0.4697666666666667,0.3615,0.4323666666666667,0.5616,0.6221333333333333,0.8331666666666667,1.159133333333333,0.9711,0.7189333333333333,0.6010333333333333,0.4849333333333333,0.6367666666666667
Oregon,OR,0.3549666666666667,0.1911666666666667,0.1085333333333333,0.07766666666666666,0.06733333333333333,0.1038666666666667,0.3276,0.3899333333333334,0.3135666666666667,0.3525666666666666,0.2782333333333333,0.3903666666666666
Pennsylvania,PA,1.1155,1.011133333333333,1.085166666666667,0.8511333333333333,0.9248333333333333,1.279766666666667,1.653766666666667,1.561233333333333,1.494933333333333,1.533233333333333,1.078,1.1049
Rhode Island,RI,0.09623333333333334,0.08793333333333334,0.09956666666666666,0.1031,0.1095333333333333,0.1272333333333333,0.1493333333333333,0.1416333333333333,0.1308666666666667,0,0.1101333333333333,0.1024
South Carolina,SC,0.2621,0.2975666666666666,0.3331,0.3736333333333333,0.4273333333333333,0.3995666666666667,0.4724,0.4476333333333333,0.4207333333333333,0.4090333333333334,0.3397,0.3208333333333334
South Dakota,SD,0.01633333333333333,0.009,0.01506666666666667,0,0.01173333333333333,0,0.0357,0.02883333333333333,0.02356666666666667,0.0181,0.01423333333333333,0.018
Tennessee,TN,0.1714666666666667,0.1701666666666667,0.2958666666666667,0.2156,0.1206,0.2380666666666667,0.2871333333333334,0.2485333333333333,0.2208666666666667,0.2097,0.1805333333333333,0.2217666666666667
Texas,TX,2.857666666666667,2.500233333333334,3.1189,3.264766666666667,3.709966666666667,4.747566666666667,5.881366666666667,5.550066666666667,4.1956,3.668466666666667,2.9481,3.674066666666667
Utah,UT,0.1629666666666667,0.08923333333333333,0.07366666666666667,0.07316666666666667,0.08386666666666667,0.1223333333333333,0.1739333333333333,0.2069,0.1193666666666667,0.06723333333333334,0.06606666666666666,0.1246
Vermont,VT,6.666666666666667e-05,3.333333333333333e-05,6.666666666666667e-05,0,6.666666666666667e-05,3.333333333333333e-05,0,3.333333333333333e-05,3.333333333333333e-05,0,3.333333333333333e-05,3.333333333333333e-05
Virginia,VA,0.7594333333333333,0.7467,0.8811333333333333,0.6464333333333333,0.7742,1.117133333333333,1.2464,1.177333333333333,1.033733333333333,0.7226666666666667,0.8754333333333333,0.9235666666666666
Washington,WA,0.2582666666666666,0.1366666666666667,0.1457666666666667,0.1431666666666667,0.1150666666666667,0.1201666666666667,0.2791333333333333,0.3420666666666667,0.2523666666666667,0.2761333333333333,0.2238,0.2817666666666667
West Virginia,WV,0,0,0,0,0.01653333333333333,0.0349,0.05146666666666667,0.049,0.0688,0.0689,0.0305,0.01446666666666667
Wisconsin,WI,0.2291,0.1741,0.2617666666666666,0.1870333333333333,0.1847333333333333,0.2686333333333333,0.4561,0.4124333333333333,0.3603,0.3431666666666667,0.2668,0.3381333333333333
Wyoming,WY,0.003233333333333333,0.0009,0,0.001833333333333333,0,0.002833333333333334,0.009733333333333333,0.0073,0.003866666666666667,0.001833333333333333,0.003,0.005133333333333333
Gulf of Mexico,GOM,0,0,0,0,0,0,0,0,0,0,0,0
Newfoundland and Labrador,NL,0,0,0,0,0,0,0,0,0,0,0,0
Prince Edward Island,PE,0,0,0,0,0,0,0,0,0,0,0,0
Nova Scotia,NS,0,0,0,0,0,0,0,0,0,0,0,0
New Brunswick,NB,0,0,0,0,0,0,0,0,0,0,0,0
Quebec,QC,0,0,0,0,0,0,0,0,0,0,0,0
Ontario,ON,0,0,0,0,0,0,0,0,0,0,0,0
Manitoba,MB,0,0,0,0,0,0,0,0,0,0,0,0
Saskatchewan,SK,0,0,0,0,0,0,0,0,0,0,0,0
Alberta,AB,0,0,0,0,0,0,0,0,0,0,0,0
British Columbia,BC,0,0,0,0,0,0,0,0,0,0,0,0
Northwest Territories,NT,0,0,0,0,0,0,0,0,0,0,0,0
Yukon,YT,0,0,0,0,0,0,0,0,0,0,0,0
Nunavut,NU,0,0,0,0,0,0,0,0,0,0,0,0
,,,,,,,,,,,,,
Aggregates,,,,,,,,,,,,,
,USA,21.5701,18.58396666666667,22.56073333333334,20.73136666666666,23.4904,28.39596666666667,35.73640000000001,34.39033333333333,28.67556666666666,25.7015,22.04593333333333,25.60753333333334
,Canada,0,0,0,0,0,0,0,0,0,0,0,0
,Mexico,,,,,,,,,,,,
,Total,21.5701,18.58396666666667,22.56073333333334,20.73136666666666,23.4904,28.39596666666667,35.73640000000001,34.39033333333333,28.67556666666666,25.7015,22.04593333333333,25.60753333333334
,,,,,,,,,,,,,
,,,,,,,,,,,,,
,,,,,,,,,,,,,
Total,,,,,,,,,,,,,
,,Jan 2017,Feb 2017,Mar 2017,Apr 2017,May 2017,Jun 2017,Jul 2017,Aug 2017,Sep 2017,Oct 2017,Nov 2017,Dec 2017
Alabama,AL,1.7135,1.467433333333333,1.779966666666667,1.6096,1.649766666666667,1.7065,2.020433333333334,1.9835,1.776133333333333,1.704,1.750233333333333,1.956833333333333
Alaska ,AK,0.2788333333333333,0.2105666666666667,0.2369333333333333,0.1512666666666667,0.1203666666666667,0.1109,0.1442333333333333,0.1513333333333333,0.1469333333333333,0.1915666666666667,0.2345666666666667,0.2592333333333333
Arizona,AZ,0.7497666666666667,0.5546666666666666,0.5317,0.6959666666666666,0.8316,1.078533333333333,1.284666666666667,1.189166666666667,0.9822,0.9021666666666667,0.6397666666666667,0.8593666666666666
Arkansas,AR,0.8852666666666666,0.7934666666666667,0.8970666666666667,0.7905,0.8453,0.8209,0.9219666666666667,0.8504666666666667,0.7352,0.7958,0.733,1.1493
California,CA,7.6934,5.748633333333333,5.230933333333334,4.5521,4.770966666666666,4.904666666666667,5.5867,6.1072,5.520866666666667,5.600566666666666,5.587133333333333,6.973333333333334
Colorado,CO,1.692233333333333,1.149533333333333,1.023633333333333,0.9124666666666666,0.7786666666666666,0.6346666666666667,0.7416,0.7097,0.6590333333333334,0.8628,1.080433333333333,1.594766666666667
Connecticut,CT,0.9617666666666667,0.7963,0.8474666666666667,0.5418333333333333,0.4411666666666667,0.4432333333333333,0.5357,0.5345333333333333,0.4484333333333334,0.5069666666666667,0.7543,0.9462
Delaware,DE,0.3119666666666667,0.2788,0.3314666666666667,0.2098333333333333,0.2788,0.2742,0.2801,0.2782,0.2503,0.2467666666666667,0.2444,0.3122333333333333
District of Columbia,DC,0.1523,0.1125666666666667,0.1239,0.05983333333333334,0.05406666666666667,0.0426,0.04073333333333334,0.0402,0.04016666666666667,0.0502,0.08026666666666667,0.1716
Florida,FL,3.1699,2.9477,3.576133333333333,3.626233333333333,4.1533,4.106466666666667,4.613466666666667,4.721333333333333,4.168,4.0465,3.284833333333333,3.470433333333333
Georgia,GA,2.2435,1.9166,1.988533333333333,1.488266666666667,1.694833333333333,1.782933333333333,1.942233333333333,2.000466666666667,1.683066666666667,1.727333333333333,1.9178,2.585933333333333
Hawaii,HI,0.009733333333333333,0.008633333333333333,0.009033333333333334,0.008533333333333334,0.008133333333333333,0.009,0.008133333333333333,0.008433333333333333,0.008333333333333333,0.0083,0.008566666666666667,0.008633333333333333
Idaho,ID,0.5205666666666666,0.3560666666666666,0.2984,0.2415,0.1948,0.1706666666666667,0.2062666666666667,0.2000333333333333,0.2166,0.2983333333333333,0.3313666666666666,0.4590333333333333
Illinois,IL,4.734233333333333,3.410566666666667,3.727966666666667,2.109866666666667,1.909,1.5552,1.634733333333333,1.558633333333333,1.5498,2.049233333333333,3.305333333333333,4.779366666666666
Indiana,IN,2.8818,2.243466666666666,2.519966666666666,1.7243,1.511666666666667,1.461933333333333,1.6011,1.5683,1.613466666666667,1.735766666666667,2.280533333333334,3.198933333333333
Iowa,IA,1.4505,1.162966666666667,1.2225,0.9436666666666667,0.8587,0.8004333333333333,0.8546,0.8668666666666667,0.8229333333333333,0.9363333333333334,1.198933333333333,1.514833333333333
Kansas,KS,1.0035,0.6952666666666667,0.7140333333333333,0.5757,0.4826666666666667,0.5222,0.6143333333333333,0.5617666666666666,0.5094333333333333,0.5526,0.7671333333333333,1.0032
Kentucky,KY,1.006466666666667,0.7857,0.9131666666666667,0.6449333333333334,0.6059666666666667,0.6085,0.6880333333333334,0.6272,0.5739333333333333,0.6176333333333334,0.8907333333333334,1.192966666666667
Louisiana,LA,3.920966666666667,3.454566666666667,3.898466666666667,3.758266666666667,3.889333333333334,3.945666666666667,4.133733333333334,4.188066666666667,3.9473,4.113433333333333,3.8844,4.404233333333333
Maine,ME,0.1632666666666667,0.1393666666666667,0.1652333333333333,0.1228,0.1079333333333333,0.1113666666666667,0.1274666666666667,0.1182333333333333,0.115,0.1140666666666667,0.1462666666666667,0.1843666666666667
Maryland,MD,0.9325,0.7689,0.9086,0.4173333333333333,0.3907666666666667,0.3582333333333333,0.4114,0.3545333333333333,0.4046333333333333,0.3602666666666667,0.7600333333333333,1.1089
Massachusetts,MA,1.7773,1.5507,1.8531,1.1359,0.9422333333333334,0.8377666666666667,0.8747333333333334,0.8877666666666667,0.7642,0.8182333333333334,1.263333333333333,2.001433333333333
Michigan,MI,3.7788,2.9223,3.373766666666667,1.893233333333333,1.688333333333333,1.3499,1.488233333333333,1.4668,1.434833333333333,1.859166666666667,2.8701,4.165533333333333
Minnesota,MN,2.058433333333333,1.569166666666667,1.590166666666667,1.0838,0.8627666666666667,0.7567,0.8477333333333333,0.8522,0.7980666666666667,1.017033333333333,1.514533333333333,1.9971
Mississippi,MS,1.416466666666667,1.098866666666667,1.485733333333333,1.2509,1.429466666666667,1.402666666666667,1.6894,1.617433333333333,1.391833333333333,1.288933333333333,1.317166666666667,1.6618
Missouri,MO,1.318266666666667,0.8634,0.8755,0.5101333333333333,0.4605666666666667,0.4254666666666667,0.4633333333333333,0.4377333333333333,0.4396333333333333,0.4685333333333334,0.8472,1.3256
Montana,MT,0.3584666666666667,0.2672666666666667,0.2260333333333333,0.1664333333333333,0.1158,0.1004,0.1155,0.1230333333333333,0.1422,0.2123666666666667,0.2728666666666666,0.3452333333333333
Nebraska,NE,0.7248333333333333,0.5396333333333333,0.5056,0.3864,0.3430333333333334,0.2926,0.3628,0.3098,0.2981666666666667,0.3763333333333334,0.503,0.6323
Nevada,NV,1.043133333333333,0.8211333333333334,0.7393333333333333,0.6347333333333334,0.6816666666666666,0.8145666666666667,0.9226666666666666,0.9017,0.7577,0.7694,0.7164666666666667,0.9047666666666667
New Hampshire,NH,0.1562,0.1325333333333333,0.1669,0.1825333333333333,0.1102333333333333,0.1202,0.1314,0.1516666666666667,0.1469333333333333,0.1016,0.1499333333333333,0.1830666666666667
New Jersey,NJ,2.946066666666667,2.366566666666666,2.906633333333333,1.6098,1.469866666666667,1.4587,1.5291,1.317533333333333,1.272233333333333,1.483066666666667,1.919366666666667,3.1712
New Mexico,NM,0.5888,0.4289,0.3711333333333333,0.3178666666666667,0.3357,0.3751666666666666,0.4114333333333333,0.3641333333333333,0.3274333333333334,0.3560333333333333,0.3794333333333333,0.5705333333333333
New York,NY,5.143833333333333,4.371,5.034966666666667,2.819966666666667,2.427433333333334,2.403233333333334,2.599,2.5218,2.279233333333333,2.308233333333333,3.686566666666667,5.413833333333334
North Carolina,NC,1.7081,1.429733333333333,1.630033333333333,1.0636,1.161233333333333,1.194233333333333,1.3267,1.321533333333333,1.224533333333333,1.267033333333333,1.5586,2.0186
North Dakota,ND,0.2741333333333333,0.2087333333333333,0.2279666666666667,0.1719,0.1437333333333333,0.1340333333333333,0.1364666666666667,0.1377333333333333,0.1155333333333333,0.1700666666666667,0.2135333333333333,0.2729
Ohio,OH,3.890433333333333,3.061233333333333,3.369866666666667,1.889933333333333,1.7706,1.536666666666667,1.6555,1.684833333333333,1.6426,1.932433333333333,3.145633333333334,4.422166666666667
Oklahoma,OK,1.6945,1.237566666666667,1.300133333333333,1.301633333333333,1.301533333333333,1.459133333333333,1.770966666666667,1.6056,1.3603,1.290333333333333,1.313833333333333,1.853133333333333
Oregon,OR,1.0657,0.7122,0.5647,0.4455,0.3536666666666667,0.3354333333333333,0.5247666666666667,0.5873,0.5376666666666666,0.6933666666666667,0.7219,1.004333333333333
Pennsylvania,PA,3.924433333333333,3.309933333333333,3.600466666666667,2.1857,2.047866666666667,2.152733333333333,2.482533333333333,2.3701,2.366533333333333,2.6519,3.084966666666667,3.9908
Rhode Island,RI,0.2834666666666666,0.2484,0.2907333333333333,0.1947666666666667,0.1765333333333333,0.1748666666666667,0.1936666666666667,0.1865,0.1749,0.1705666666666667,0.2409333333333333,0.3167333333333333
South Carolina,SC,0.7871,0.7068666666666666,0.7949,0.7031333333333334,0.7477666666666667,0.6977333333333333,0.7709333333333334,0.7555666666666667,0.7181333333333333,0.7653333333333333,0.8024333333333333,0.8944
South Dakota,SD,0.3087333333333334,0.2365,0.2405666666666667,0.1865333333333333,0.1661666666666667,0.1540666666666667,0.1719,0.1678666666666667,0.1624333333333333,0.1820666666666667,0.2295,0.2905666666666666
Tennessee,TN,1.205233333333333,0.9726333333333333,1.1002,0.7346,0.632,0.7033333333333334,0.7394,0.7159666666666666,0.6899,0.7336333333333334,0.9528666666666666,1.420566666666667
Texas,TX,9.817066666666667,8.2087,8.8327,8.392566666666667,8.791566666666666,9.959033333333334,11.20736666666667,10.76726666666667,9.105033333333333,9.089166666666667,8.740766666666667,10.37413333333333
Utah,UT,1.015233333333333,0.6183333333333333,0.4917666666666667,0.4617,0.3547666666666667,0.3588333333333333,0.3748,0.3937,0.3304666666666667,0.4104666666666666,0.5589666666666666,0.9385
Vermont,VT,0.05313333333333333,0.04606666666666667,0.05206666666666666,0.02846666666666667,0.02263333333333333,0.01616666666666667,0.01776666666666667,0.0187,0.01963333333333333,0.02263333333333333,0.0419,0.05823333333333333
Virginia,VA,1.861266666666667,1.606333333333333,1.820566666666667,1.178666666666667,1.252166666666667,1.5401,1.6391,1.5897,1.4589,1.215233333333333,1.654466666666667,2.0854
Washington,WA,1.412233333333333,1.031666666666667,0.9430666666666667,0.7479666666666667,0.5706,0.4765,0.6127,0.6773,0.6286666666666667,0.8794333333333333,1.0179,1.321566666666667
West Virginia,WV,0.3689333333333333,0.3012,0.3411333333333333,0.1998333333333333,0.1802666666666667,0.1799333333333333,0.1941333333333333,0.1966666666666667,0.2226,0.2555333333333333,0.3085333333333333,0.4012
Wisconsin,WI,2.088366666666666,1.5735,1.762266666666667,1.0714,0.9032,0.7972666666666667,0.9716,0.9662333333333334,0.9014,1.131133333333333,1.611366666666667,2.254733333333333
Wyoming,WY,0.3313,0.2776333333333333,0.2735666666666667,0.2249333333333333,0.2057333333333333,0.1665,0.1629,0.1677666666666667,0.1673,0.2139666666666667,0.2443,0.3086
Gulf of Mexico,GOM,0,0,0,0,0,0,0,0,0,0,0,0
Newfoundland and Labrador,NL,0,0,0,0,0,0,0,0,0,0,0,0
Prince Edward Island,PE,0,0,0,0,0,0,0,0,0,0,0,0
Nova Scotia,NS,0.06345439468533334,0.129207658625,0.2073832214366667,0.2692588136006667,0.3350344435170001,0.4030113564000001,0.4817612539493335,0.5499147403323336,0.6172802380426669,0.6868503147583335,0.7668164505756668,0.8280043478150001
New Brunswick,NB,0.1351929116966667,0.2897608804013334,0.4271163466103334,0.5089693468486668,0.5837578767833335,0.6564480072440002,0.7308871570800003,0.788008095751667,0.8420262848813336,0.9227713452650003,1.017464299560667,1.128095719691667
Quebec,QC,0.8485346663756669,1.597149685140001,2.443037632466334,3.018263477729668,3.496026283629334,3.872317243137001,4.248649403128001,4.661428216969668,5.071427646205668,5.521004612878668,6.250606079447335,7.191653841403334
Ontario,ON,3.869389301360001,7.387680679329669,10.91916727723867,13.021171558099,14.639886164794,15.72918103501734,16.940405792774,18.17366033125333,19.52005057295634,20.95945078806867,22.56565433827901,26.09199829185834
Manitoba,MB,0.4514346376086668,0.8344456313793334,1.11729354154,1.29450623761,1.415461792570333,1.490908117650333,1.555936017652,1.636273664113333,1.741860379349333,1.909870417746333,2.193887362192666,2.551775713814666
Saskatchewan,SK,0.6426879875360001,1.245869302466333,1.897258008072667,2.620090235229667,3.228717312331334,3.691165663144667,4.354070256989668,4.684766525043002,5.352021654496669,6.310234714966002,7.487271076221336,8.753821608733002
Alberta,AB,5.457555162251334,10.19604382152233,15.47528776510234,19.744477728054,23.77184792844234,27.40730535863101,31.27703415197368,35.26126238453834,39.33144283000168,43.79007026100668,48.99388859746401,54.62794050910068
British Columbia,BC,1.120553794644,2.059980258723001,2.834519092463334,3.621560507160334,4.349543854175001,4.744986446355335,5.370317494272668,6.177438023380002,6.804782126913002,7.503583995592336,8.240432980326336,9.154737390835002
Northwest Territories,NT,0.005158300513333334,0.007920145484666668,0.008730382418333335,0.009280938591333335,0.009886467980666669,0.01014497158466667,0.010356388922,0.01058970137333334,0.01118616665633334,0.01130235201933334,0.01209116470166667,0.01289221981333334
Yukon,YT,0,0,0,0,0,0,0,0,0,0,0,0
Nunavut,NU,0,0,0,0,0,0,0,0,0,0,0,0
,,,,,,,,,,,,,
Aggregates,,,,,,,,,,,,,
,USA,89.87593333333334,71.72046666666667,77.71066666666667,58.35933333333333,57.22693333333333,57.82273333333334,64.78016666666667,63.88010000000001,58.05076666666666,61.55386666666664,71.76239999999999,94.73266666666666
,Canada,12.593961156671,23.74805806307167,35.32979326734867,44.10757884292334,51.83016212422334,58.00546819916434,64.96941791674135,71.94334168275502,79.29207789950301,87.61513880230136,97.52811234876869,110.340919643065
,Mexico,,,,,,,,,,,,
,Total,102.4698944900044,95.46852472973833,113.0404599340153,102.4669121762567,109.0570954575567,115.8282015324977,129.749584583408,135.823441682755,137.3428445661697,149.169005468968,169.2905123487687,205.0735863097317
