Back to Contents,Data 1: Natural Gas Industrial Price ,Unnamed: 2,Unnamed: 3,Unnamed: 4,Unnamed: 5,Unnamed: 6,Unnamed: 7,Unnamed: 8,Unnamed: 9,Unnamed: 10,Unnamed: 11,Unnamed: 12,Unnamed: 13,Unnamed: 14,Unnamed: 15,Unnamed: 16,Unnamed: 17,Unnamed: 18,Unnamed: 19,Unnamed: 20,Unnamed: 21,Unnamed: 22,Unnamed: 23,Unnamed: 24,Unnamed: 25,Unnamed: 26,Unnamed: 27,Unnamed: 28,Unnamed: 29,Unnamed: 30,Unnamed: 31,Unnamed: 32,Unnamed: 33,Unnamed: 34,Unnamed: 35,Unnamed: 36,Unnamed: 37,Unnamed: 38,Unnamed: 39,Unnamed: 40,Unnamed: 41,Unnamed: 42,Unnamed: 43,Unnamed: 44,Unnamed: 45,Unnamed: 46,Unnamed: 47,Unnamed: 48,Unnamed: 49,Unnamed: 50,Unnamed: 51,Unnamed: 52
Sourcekey,N3035US3,N3035AL3,N3035AK3,N3035AZ3,N3035AR3,N3035CA3,N3035CO3,N3035CT3,N3035DE3,N3035DC3,N3035FL3,N3035GA3,N3035HI3,N3035ID3,N3035IL3,N3035IN3,N3035IA3,N3035KS3,N3035KY3,N3035LA3,N3035ME3,N3035MD3,N3035MA3,N3035MI3,N3035MN3,N3035MS3,N3035MO3,N3035MT3,N3035NE3,N3035NV3,N3035NH3,N3035NJ3,N3035NM3,N3035NY3,N3035NC3,N3035ND3,N3035OH3,N3035OK3,N3035OR3,N3035PA3,N3035RI3,N3035SC3,N3035SD3,N3035TN3,N3035TX3,N3035UT3,N3035VT3,N3035VA3,N3035WA3,N3035WV3,N3035WI3,N3035WY3
Date,United States Natural Gas Industrial Price (Dollars per Thousand Cubic Feet),Alabama Natural Gas Industrial Price (Dollars per Thousand Cubic Feet),Alaska Natural Gas Industrial Price (Dollars per Thousand Cubic Feet),Arizona Natural Gas Industrial Price (Dollars per Thousand Cubic Feet),Arkansas Natural Gas Industrial Price (Dollars per Thousand Cubic Feet),California Natural Gas Industrial Price (Dollars per Thousand Cubic Feet),Colorado Natural Gas Industrial Price (Dollars per Thousand Cubic Feet),Connecticut Natural Gas Industrial Price (Dollars per Thousand Cubic Feet),Delaware Natural Gas Industrial Price (Dollars per Thousand Cubic Feet),District of Columbia Natural Gas Industrial Price (Dollars per Thousand Cubic Feet),Florida Natural Gas Industrial Price (Dollars per Thousand Cubic Feet),Georgia Natural Gas Industrial Price (Dollars per Thousand Cubic Feet),Hawaii Natural Gas Industrial Price (Dollars per Thousand Cubic Feet),Idaho Natural Gas Industrial Price (Dollars per Thousand Cubic Feet),Illinois Natural Gas Industrial Price (Dollars per Thousand Cubic Feet),Indiana Natural Gas Industrial Price (Dollars per Thousand Cubic Feet),Iowa Natural Gas Industrial Price (Dollars per Thousand Cubic Feet),Kansas Natural Gas Industrial Price (Dollars per Thousand Cubic Feet),Kentucky Natural Gas Industrial Price (Dollars per Thousand Cubic Feet),Louisiana Natural Gas Industrial Price (Dollars per Thousand Cubic Feet),Maine Natural Gas Industrial Price (Dollars per Thousand Cubic Feet),Maryland Natural Gas Industrial Price (Dollars per Thousand Cubic Feet),Massachusetts Natural Gas Industrial Price (Dollars per Thousand Cubic Feet),Michigan Natural Gas Industrial Price (Dollars per Thousand Cubic Feet),Minnesota Natural Gas Industrial Price (Dollars per Thousand Cubic Feet),Mississippi Natural Gas Industrial Price (Dollars per Thousand Cubic Feet),Missouri Natural Gas Industrial Price (Dollars per Thousand Cubic Feet),Montana Natural Gas Industrial Price (Dollars per Thousand Cubic Feet),Nebraska Natural Gas Industrial Price (Dollars per Thousand Cubic Feet),Nevada Natural Gas Indutrial Price (Dollars per Thousand Cubic Feet),New Hampshire Natural Gas Industrial Price (Dollars per Thousand Cubic Feet),New Jersey Natural Gas Industrial Price (Dollars per Thousand Cubic Feet),New Mexico Natural Gas Industrial Price (Dollars per Thousand Cubic Feet),New York Natural Gas Industrial Price (Dollars per Thousand Cubic Feet),North Carolina Natural Gas Industrial Price (Dollars per Thousand Cubic Feet),North Dakota Natural Gas Industrial Price (Dollars per Thousand Cubic Feet),Ohio Natural Gas Industrial Price (Dollars per Thousand Cubic Feet),Oklahoma Natural Gas Industrial Price (Dollars per Thousand Cubic Feet),Oregon Natural Gas Industrial Price (Dollars per Thousand Cubic Feet),Pennsylvania Natural Gas Industrial Price (Dollars per Thousand Cubic Feet),Rhode Island Natural Gas Industrial Price (Dollars per Thousand Cubic Feet),South Carolina Natural Gas Industrial Price (Dollars per Thousand Cubic Feet),South Dakota Natural Gas Industrial Price (Dollars per Thousand Cubic Feet),Tennessee Natural Gas Industrial Price (Dollars per Thousand Cubic Feet),Texas Natural Gas Industrial Price (Dollars per Thousand Cubic Feet),Utah Natural Gas Industrial Price (Dollars per Thousand Cubic Feet),Vermont Natural Gas Industrial Price (Dollars per Thousand Cubic Feet),Virginia Natural Gas Industrial Price (Dollars per Thousand Cubic Feet),Washington Natural Gas Industrial Price (Dollars per Thousand Cubic Feet),West Virginia Natural Gas Industrial Price (Dollars per Thousand Cubic Feet),Wisconsin Natural Gas Industrial Price (Dollars per Thousand Cubic Feet),Wyoming Natural Gas Industrial Price (Dollars per Thousand Cubic Feet)
2001-01-15 00:00:00,8.84,9.55,1.57,7.01,8.18,7.75,9.36,10.11,7.37,,8.27,10.05,11.65,4.76,10.56,9.25,9.54,8.77,8.55,9.7,9.56,11.6,8.04,4.35,11.79,11.59,7.92,4.63,7.89,4.99,11.2,10.28,2.91,9.39,11.88,9.79,5.9,9.41,6.2,8.64,9.06,10.65,7.83,9.14,9.34,6.58,8.05,9.15,7.95,8.8,12.16,6.17
2001-02-15 00:00:00,7.21,8.54,1.55,6.49,7.46,9.34,10.07,11.82,4.61,,8.02,9.35,11.84,5.44,9.55,8.48,8.44,10.38,8.47,6.97,9.56,14.47,8.71,4.4,6.7,7.72,10.53,5.95,8.64,6.65,11.38,11.4,3.32,10.92,7.75,7.06,8.25,8.1,5.92,7.08,8.02,7.9,8.75,10.57,6.35,6.3,6.35,8.67,6.69,6.57,8.19,6.17
2001-03-15 00:00:00,6.3,6.61,1.56,6.19,6.97,9.84,10.38,8.37,11.53,,9.74,7.56,11.04,6.21,8.26,12.91,9.52,7.59,8.09,5.81,9.83,10.27,11.8,4.46,5.96,6.09,10.14,4.89,7.19,6.69,12.53,6.76,3.24,9.08,8.32,5.79,7.72,8.05,5.85,8.89,7.44,6.86,6.42,7.77,5.24,5.88,5.43,7.72,3.47,5.31,7.75,6.74
2001-04-15 00:00:00,6.08,7.01,1.51,6.1,5.39,10.06,7.4,8.23,7.36,,8.61,6.07,11.08,6.74,7.06,9.81,7.96,7.09,7.29,5.77,9.95,9.58,11.09,4.4,6.18,6.16,9.45,4.79,6.89,6.27,10.72,6.6,6.29,7.92,7.26,5.81,7.61,8.23,5.79,8.35,7.27,6.84,5.66,7.2,5.36,5.52,4.69,5.6,5.91,6.25,8.35,7.08
2001-05-15 00:00:00,5.46,6.53,1.53,5.97,6.39,7.53,6.89,7.19,8.2,,6.66,5.8,11.23,6.44,6.31,10.26,6.35,6.09,6.31,5.43,9.13,8.95,10.44,5.76,5.51,6.13,8.91,4.96,5.39,6.76,9.39,5.5,4.06,8.17,7.34,5.45,5.24,8.25,5.78,7.2,7.13,6.58,5.89,6.96,4.8,5.14,5.03,5.08,5.6,5.66,7.34,6.98
2001-06-15 00:00:00,4.75,5.81,1.49,6,5.74,7.09,6.77,6.24,6.89,,7.56,5.01,11.17,6.23,6.24,9.21,8.08,5.29,5.9,5.18,7.98,8.49,9.23,5.77,4.28,4.61,8.7,5.9,4.8,6.78,9.54,5.74,3.17,7.31,6.07,4.49,8.45,8.19,5.58,6.68,6.24,5.15,5.62,8.47,3.89,4.42,4.87,4.37,7.12,4.27,6.62,6.83
2001-07-15 00:00:00,4.1,5.66,1.74,4.79,5.99,5.17,6.64,3.13,6.65,,6.92,4.55,11.07,6.51,4.99,12.67,5.35,4.78,5.58,4.49,8.06,6.31,8.98,5.32,3.77,4.85,8.15,6.07,4.34,6.34,8.21,4.54,3.28,4.84,5.83,3.67,5.74,8.63,5.52,6.04,5.24,4.58,5.13,5.56,3.45,4.89,4.73,2.73,4.9,3.8,5.12,7.1
2001-08-15 00:00:00,3.99,5.3,1.75,7.06,5.56,4.68,6.64,4.62,6.54,,6.22,4.21,10.89,6.75,5.18,9.57,5.74,4.48,5.1,4.18,6.65,6.06,8.99,5.24,3.69,4.27,8.2,6.56,4.46,6.58,5.8,4.61,2.79,4.59,5.45,3.81,4.87,6.96,5.58,5.66,5.91,4.42,5.09,5.18,3.43,4.99,4.4,3.89,3.78,3.63,5.09,7.08
2001-09-15 00:00:00,3.5,4.75,1.76,6.23,5.57,3.83,6.7,5.22,6.29,,5.76,3.78,10.62,7.99,4.53,5.46,5.26,4.65,4.29,4.12,8.25,6.2,9.79,5.18,3.67,4.04,7.78,6.56,3.9,6.62,4.59,4.87,2.48,7.11,5.3,3.1,7,6.82,5.71,5.8,5.76,3.9,5.01,5.52,2.62,4.93,4.38,4.85,4.72,3.48,4.52,6.89
2001-10-15 00:00:00,3.18,4.56,1.82,6.13,5.37,3.31,5.59,4.61,6.19,,5.66,3,11.18,7.1,3.7,3.85,3.87,3.29,4.78,3.54,5.75,6,7.62,5.15,2.48,3.79,7.63,5.79,3.38,8.35,3.71,4.02,2.57,4.94,5.33,2.5,5.47,7.47,6.62,4.69,4.85,3.38,4.26,4.84,2.32,4.26,4.45,4.24,3.82,3.63,3.63,7.08
2001-11-15 00:00:00,3.88,4.83,1.79,6.44,5.83,3.4,4.12,5.15,5.68,,4.51,4.52,10.76,7.17,3.54,7.01,4.25,3.09,5.09,3.85,4.42,7,7.95,5.17,4.01,4.68,7.61,4.84,4.11,8.57,5.27,4.29,2.28,5.06,4.9,4.04,4.87,6.77,7.25,6.87,5.65,4.59,4.06,4.25,3.1,5.05,4.31,5.59,3.99,4.17,5.99,4.09
2001-12-15 00:00:00,3.69,4.72,1.86,6.71,5.74,3.75,5.12,5.92,6.11,,4.24,3.39,10.56,8.76,4.34,3.34,3.42,3.99,4.77,3.59,4.6,6.62,8.07,5.14,4.14,3.72,2.74,4.68,4.06,7.24,4.6,4.76,2.82,6.41,5.14,3.36,5.13,6.95,7.25,6.38,6.48,3.99,4.05,5.2,2.66,4.91,4.24,4.49,4.31,5.02,5.57,3.95
2002-01-15 00:00:00,4.05,5.87,1.74,7.11,5.6,5.51,6.99,5.31,6.58,,5.51,4.07,8.59,7.8,4,7.27,4.97,4.67,4.88,3.36,9.38,8.1,8.18,4.95,3.47,4.1,6.13,3.01,4.18,7.71,7.26,4.15,4.44,6.18,5.02,3.61,6.04,6.55,7.41,6.92,4.76,4,4.16,5.5,2.85,4.97,4.46,5.86,5.62,3.58,5.3,5.55
2002-02-15 00:00:00,3.7,5.7,1.68,7.14,5.78,4.5,7.76,4.97,6.02,,5.35,3.67,10.48,7.81,4.45,5.92,4.57,4.36,4.69,2.97,8.81,6.51,7.38,5.02,3.48,3.85,5.43,2.73,3.69,7.01,11.68,4.56,4.32,5.86,4.59,3.09,5.64,6.72,7.39,6.72,4.46,3.39,4.12,5.25,2.46,4.75,4.4,4.93,5.62,3.44,4.79,5.52
2002-03-15 00:00:00,3.78,5.22,1.66,6.87,5.52,4.25,5.79,4.95,6.11,,5.41,3.48,9.85,8.24,4.24,4.39,4.89,3.55,4.15,3.29,8.44,7.18,7.18,4.99,3.45,3.73,5.13,2.61,4,7.85,7.33,4.15,3.59,5.97,3.57,5.34,5.26,6.7,7.3,6.85,4.16,3.7,4.1,5.41,2.82,4.6,4.36,5.13,4.86,3.71,4.83,5.47
2002-04-15 00:00:00,3.64,5.22,1.64,6.41,5.56,5.48,5.13,4.15,6.16,,4.67,4.65,9.66,7.91,4.64,6.85,4.97,3.54,4.57,3.41,8.08,6.55,6.95,4.83,4.5,4.37,6.03,2.51,4.48,6.73,7.71,4.84,3.12,5.64,4.6,4.49,5.49,7.21,7.16,6.45,4.65,4.33,4.08,5.33,2.95,4.64,4.08,4.93,5.1,4.37,5.47,5.49
2002-05-15 00:00:00,4.07,5.82,1.62,6.31,5.69,4.84,4.85,4.88,5.47,,5.27,6.74,9.97,7.94,5.77,7.28,5.35,3.53,4.5,3.67,7.33,8.66,7.56,4.95,3.93,4.96,6.1,2.39,4.45,7.03,6.52,5.04,3.55,5.21,4.27,5.3,4.84,5.82,7.24,5.71,4.75,4.48,4.43,5.38,3.62,4.35,4.41,4.22,4.53,4.16,4.48,5.34
2002-06-15 00:00:00,3.86,4.82,1.66,6.17,5.5,4.45,4.66,4.74,7.23,,5.58,5.02,10.63,7.64,5.43,5.89,5.37,3.43,4.26,3.52,7.65,8.76,6.02,5.13,4.84,4.39,6.07,2.62,3.74,6.63,5.67,4.93,3.61,4.91,4.85,3.92,5.04,6.12,7.07,5.44,4.09,4.47,4.55,5.11,3.51,4.06,4.23,4.53,5.29,4.35,5.25,5.45
2002-07-15 00:00:00,3.8,4.75,1.51,6.28,5.31,4.53,4.3,4.08,6.29,,5.25,5.11,10.22,5.82,4.97,5.22,5.22,3.39,4.14,3.62,6.64,7.01,5.26,6.26,5,4.45,6.45,3.2,4.15,9.01,5.94,4.99,3.43,4.75,4.95,3.83,4.88,6.77,6.75,5.58,4.55,4.5,4.53,4.68,3.5,2.88,4.19,4,3.41,3.99,4.74,4.89
2002-08-15 00:00:00,3.62,4.54,1.56,6.32,5.06,4.3,4.21,4.1,6.47,,5.17,4.84,10.43,6.06,5.13,4.81,4.93,3.32,3.99,3.29,7.6,8.03,5.57,5.44,3.97,4.29,6.24,3.6,3.92,8.92,5.98,4.79,3.45,4.52,4.62,3.42,5.33,4.94,7.19,5.55,4.44,4.59,4.51,4.67,3.22,2.8,4.04,3.63,4.58,3.98,4.41,5.02
2002-09-15 00:00:00,3.89,4.82,1.58,6.35,5.72,4.46,4.4,4.89,6.68,,5.29,4.98,10.65,5.54,4.95,4.22,5.11,3.47,4.25,3.95,7.45,6.93,7.53,5.26,3.99,4.36,6.18,3.27,4.09,8.98,5.57,4.32,3.46,4.58,4.63,3.79,6,5.29,7.33,5.4,4.31,4.69,3.9,5.19,3.52,2.6,4.22,3.06,4.38,3.97,4.39,4.88
2002-10-15 00:00:00,4.18,4.58,1.58,6.04,5.4,5.02,4.65,4.87,6.34,,5.4,4.92,10.24,5.56,5.15,4.17,5.69,4.08,4.66,4,7.61,7.29,5.83,5.19,4.17,4.95,6.44,2.89,4.23,8.96,6.15,5.3,3.65,5.02,5.01,4.21,5.67,5.9,6.2,5.67,5.33,5.08,4,5.24,3.75,2.59,4.61,3.44,3.87,4.59,4.79,4.75
2002-11-15 00:00:00,4.72,5.69,1.69,6.09,5.95,5.81,5.49,5.56,5.84,,5.3,5.48,10.98,4.35,5.77,5.16,6.24,4.84,5.46,4.4,9.77,7.31,6.87,5.05,4.94,5.41,6.62,2.59,4.88,9.32,7.36,5.57,4.86,5.92,5.81,4.69,6.05,5.9,5.83,6.73,5.39,5.36,4.37,5.73,4.09,3.7,4.47,4.38,4.61,5.11,6.32,5.1
2002-12-15 00:00:00,4.92,5.55,1.68,5.91,6.35,6,6.17,6.09,5.53,,5.91,5.74,10.71,5.01,5.79,5.88,7.14,4.67,5.36,4.44,10.02,7.43,9.52,3.71,4.68,5.5,6.94,2.81,5.08,7.17,7.08,6.22,5.67,6.68,6.54,5,5.97,6.07,5.9,6.58,6.62,5.5,4.63,6.06,4.22,4.3,4.8,6.02,5.16,5.12,6.1,5.23
2003-01-15 00:00:00,5.65,6.7,1.28,7.4,5.7,7.36,7.12,7.67,5.33,,5.32,6.56,10.62,5.57,6.28,6.85,6.43,5.44,5.8,5.15,9.83,8.41,11.26,4.76,5.36,5.39,7.03,3.67,5.21,8.39,7.91,9.57,4.91,6.67,5.51,2.32,6.58,6.87,5.88,8.09,7.22,6.52,4.87,7.29,4.95,4.32,4.8,5.62,5.06,6.19,6.53,4.65
2003-02-15 00:00:00,6.4,6.78,1.36,5.74,5.63,7.15,8.22,8.43,5.8,,6.03,7.08,10.92,5.38,6.86,8.02,6.25,5.49,6.3,5.98,9.48,8.62,12.64,4.9,5.89,6.84,7.47,3.75,5.56,8.64,7.79,11.37,5.03,7.45,5.99,2.85,7.29,7.11,6.2,8.06,7.3,6.97,5.18,7.67,5.92,4.31,4.56,7.5,4.43,8.02,6.89,4.6
2003-03-15 00:00:00,8.27,8.91,1.38,6.85,6.45,7.75,4.75,9.08,7.15,,5.59,9.43,11.35,5.42,8.79,10.84,7.71,6.14,8.68,8.01,9.5,11.37,13.31,5.31,8.6,8.53,7.77,3.93,6.93,8.94,8.14,12.84,6.38,8.25,6.8,4.53,8.3,6.66,6.14,9.84,7.18,9.68,6.86,8.18,8.29,5.09,4.92,8.76,5.87,10.81,9.94,4.67
2003-04-15 00:00:00,5.96,6.57,1.39,6,6.62,7.84,4.13,8.54,6.71,,7.11,6.7,12.15,5.27,7.38,10.03,5.55,5.94,6.38,5.35,10.29,11.41,15.04,5.46,5.77,5.36,9.41,3.6,6.28,8.72,8.23,11.39,5.83,8.83,6.41,2.8,8.43,7.78,6.04,8.29,8.7,6.87,5.89,6.47,5.16,4.39,5.03,5.91,6.04,6.04,7.35,4.49
2003-05-15 00:00:00,5.78,6.51,1.48,6.51,7.25,6.66,4.15,7.03,6.71,,6.97,6.43,12.35,5.25,6.63,7.84,6.61,4.79,6.42,5.34,10.26,10.93,13.98,5.87,5.61,5.8,8.41,3.9,6.35,8.83,8.85,9.08,5.19,7.07,5.93,2.18,8.5,9.14,5.59,7.94,7.88,6.48,5.23,5.49,5.38,4.49,4.67,6.16,5.82,6.23,6.84,4.81
2003-06-15 00:00:00,6.59,6.87,1.6,6.28,7.37,7.03,4.26,7.61,6.78,,6.62,7.31,12.19,5.22,8.25,10.46,6.87,5.27,6.88,6.07,9.36,11.7,11.25,6.51,6.05,6.49,7.97,4.05,5.58,9.24,10.26,8.87,5.53,7.03,7.12,2.41,9.48,7.76,5.88,8.19,8.59,7.44,5.41,5.79,6.53,4.97,4.83,6.06,6.78,6.97,7.68,5.79
2003-07-15 00:00:00,5.69,6.49,1.76,6.71,7.06,6.93,4,7.1,6.38,,7.08,6.62,11.82,6.41,8.12,9.36,7.22,4.89,6.54,5.53,9.49,9.64,12.1,6.36,6.07,5.86,7.24,5.23,6.33,8.87,11.06,9.56,6.21,7.17,6.24,2.5,9.65,7.87,5.89,8.04,7.8,6.8,6.08,5.75,5.39,5.72,4.77,5.48,6.72,6.29,7.18,5.76
2003-08-15 00:00:00,5.28,5.95,1.77,6.48,7.49,6.94,3.95,6.5,6.7,,8.14,5.86,12.14,6.51,7.27,8.56,5.12,4.63,6.03,4.84,9.8,12.04,12.34,6.73,5.53,5.69,8.18,6.5,5.89,8.94,10.26,7.99,5.87,6.6,5.78,2.44,8.61,7.95,5.7,6.88,8.62,6.22,5.96,5.11,4.94,5.5,4.73,3.93,6.48,5.65,6.58,5.83
2003-09-15 00:00:00,5.32,6.06,1.76,7.11,7.12,7.18,4,6.83,7.27,,8.03,5.85,12.15,6.36,7.19,5.98,6.15,4.47,6.4,5.09,8.7,9.18,13.23,6.59,5.37,6.52,8.15,6.66,5.67,8.82,10.31,7.67,5.38,7.18,6.62,2.17,8.91,8.2,5.57,7.41,8.64,6.38,5.97,5.55,4.87,5.57,4.67,5.36,6.33,5.91,6.81,5.78
2003-10-15 00:00:00,4.93,5.85,1.65,6.3,7.76,6.94,6.28,6.61,5.95,,7.88,6.1,12.29,6.39,6.9,10.73,5.92,4.61,5.88,4.98,9.64,8.72,1.71,6,5.22,6.23,8.31,6.39,5.55,8.77,9.65,9.19,5.68,7.04,5.72,2.09,8.65,7.38,5.7,7.36,9.1,6.05,5.76,5.46,4.47,5.28,4.79,4.33,6.58,5.62,6.03,6.15
2003-11-15 00:00:00,5.19,5.87,1.44,6.74,7.61,6.89,7.97,6.56,6.08,,7.25,6.32,12.17,6.56,6.69,6.5,6.32,4.92,6.42,4.91,10.49,9.57,12.47,5.41,5.44,6.87,8.31,5.85,5.53,8.38,10.59,8.04,5.79,6.66,7.08,2.56,8.75,8.44,5.82,7.22,8.92,6.12,5.92,5.57,4.44,5.52,5.32,4.87,6.98,5.8,7.09,6.33
2003-12-15 00:00:00,5.9,6.64,1.38,6.34,7.77,7.48,9.22,7.52,6.75,,7.67,6.54,11.93,6.41,7.45,9.4,7.2,5.39,6.92,5.47,9.72,7.49,13.92,6.42,5.87,6.36,8.34,5.8,5.73,8.38,10.82,9.79,3.37,7.51,7.09,5.06,8.86,7.98,5.9,8.43,9.18,6.81,6.25,6.48,5.01,5.75,5.76,6.12,7.09,6.2,7.03,6.29
2004-01-15 00:00:00,6.72,7.54,1.8,6.65,8.12,8.66,9.06,12.7,6.39,,7.62,7.95,12.1,6.64,7.69,11.18,7.17,7.3,7.65,6.6,10.84,9.4,10.82,6.48,6.48,7.34,8.42,6.14,6.45,8.23,9.26,9.11,6.09,7.79,7.34,5.85,8.66,8.41,5.94,9.26,9.08,7.84,6.45,7.25,5.8,5.94,6.12,7.34,7.69,7.68,7.98,5.56
2004-02-15 00:00:00,6.52,7.38,1.86,6.35,7.3,7.92,9.91,9.38,7.89,,7.91,7.97,12.37,6.64,7.94,9.96,6.68,7.93,7.53,5.98,11.76,11.11,12.38,6.63,6.63,7.68,8.82,6.32,6.43,8.25,14.89,9.8,6.87,8.53,7.22,5.78,8.4,7.93,6.03,9.22,9.01,7.58,6.25,7.78,5.41,5.92,6.04,8.26,7.69,7.28,8,5.47
2004-03-15 00:00:00,5.97,6.81,1.9,7.2,7.09,7.7,7.06,9.03,6.75,,8.36,6.88,12.14,6.61,7.4,7.96,6.8,6.36,6.89,5.6,10.46,10.69,12.13,6.32,6,5.64,8.06,6.62,6.09,8.67,14.55,8.62,6.36,8.21,6.59,4.98,8.61,8.44,6.01,8.76,9.15,6.76,6.22,7.52,5.1,5.75,5.51,7.48,7.56,6.44,6.79,5.42
2004-04-15 00:00:00,6.06,6.79,1.86,6.46,7.46,6.68,6.62,8.09,7.26,,8.02,6.96,12.29,6.53,8.13,10.35,6.97,5.82,6.77,5.81,9.86,10.62,12.62,6.28,5.9,5.31,8.44,7.02,6.13,8.29,13.06,7.01,7.77,7.72,6.17,5.09,8.25,10.09,5.95,8.49,9.19,6.86,5.76,7.04,5.51,5.53,5.53,6.81,7.66,6.79,7.17,5.47
2004-05-15 00:00:00,6.34,7.14,1.8,7.24,7.78,7.11,6.59,8,7.28,,8,7.27,13.18,6.59,8.03,7.42,7.87,5.83,6.84,6.31,9.38,10.65,12.25,6.38,6.28,6.29,8.38,6.03,6.43,8.25,12.26,7.81,6.39,7.23,6.33,5.53,8.89,8.6,5.48,8.07,9.31,7.47,5.88,7.27,6.03,5.59,5.48,7.48,7.81,7.54,7.39,7.16
2004-06-15 00:00:00,6.82,7.63,1.95,6.92,8.04,7.53,6.58,8.28,7.46,,8.56,8.03,13.31,6.58,8.55,9.65,8.32,6.42,7.39,6.88,10.33,11.49,11.44,7.41,6.68,7.05,8.85,6.19,7.12,8.5,11.02,8.25,6.65,7.42,7.31,6.64,9.22,10.54,5.96,8.36,9.92,8.14,5.93,7.65,6.57,5.98,5.85,7.91,7.42,8.37,8.46,7.22
2004-07-15 00:00:00,6.41,7.41,2.12,7.16,8.1,7.68,6.49,7.8,8.39,,9.34,7.89,13.2,6.99,8.07,6.55,8.6,6.5,7.27,6.33,9.04,12.39,10.15,7.91,6.18,6.44,9.33,6.37,7.23,8.84,11.95,8.13,7.01,7.38,7.34,6.82,8.86,8.87,5.89,8.51,10.11,7.63,5.91,7.72,6.11,5.66,5.61,8.16,7.33,7.29,7.86,7.38
2004-08-15 00:00:00,6.36,7.26,2,7.02,8.42,7.65,5.88,7.86,8.59,,8.95,7.47,13.15,7.1,8.44,6.7,8.21,6.44,7.21,6.42,8.78,11.28,14.04,7.82,6.09,6.42,8.72,7.11,6.88,8.86,10.56,7.97,6.89,7.86,7.44,5.59,8.63,8.11,5.97,8.26,10.32,7.56,5.85,7.51,5.99,5.42,5.61,7.84,6.78,7.4,7.95,7.61
2004-09-15 00:00:00,5.68,6.77,2,6.77,8.11,7.55,6.51,7.77,8.4,,8.12,6.69,13.79,7.26,8.32,5.84,7.12,5.85,6.61,5.59,8.67,10.7,13.85,7.63,5.89,5.59,8.7,6.73,6.4,8.64,11.39,6.82,6.13,7.77,6.12,4.79,7.92,6.78,5.98,7.88,9.93,6.57,5.79,7.2,5.17,5.51,5.4,7.88,8.07,6.51,7.06,6.72
2004-10-15 00:00:00,6.03,6.58,1.99,6.65,8.15,7.39,7.29,7.85,7.3,,8.29,7.22,14.06,8.06,7.8,5.87,6.42,6.64,6.97,6.44,9.27,10.82,12.37,7.41,5.82,5.81,8.61,6.1,6.04,8.56,11.33,6.95,5.96,7.73,6.8,4.91,8.73,7.55,7.12,8.92,9.97,7.3,5.81,7.38,5.41,5.83,6.01,7.46,7.12,7.04,6.66,7.99
2004-11-15 00:00:00,7.64,7.56,2.07,7.52,8.47,8.68,8.08,11.27,8.83,,7.64,9.07,14.3,7.25,8.45,5.77,7,7.42,8.58,7.91,11.96,10.4,13.64,7.86,7.92,8.02,10.04,6.11,7.28,8.77,13.89,8.92,6.23,8.72,8.4,7.37,10.1,10.43,7.21,9.99,10.23,9.14,6.83,7.28,7.11,6.42,7.01,8.87,9.44,9.18,9.88,7.37
2004-12-15 00:00:00,7.54,8.95,1.99,7.19,10.29,9.52,10.51,11.09,8.47,,8.48,7.2,14.84,7.7,8.76,7.19,8.44,8.41,8.08,8.07,12.32,10.37,13.82,7.74,7.89,7.7,9.58,6.35,7.8,9.02,11.94,11.65,7.26,9.52,8.56,7.09,9.85,9.24,7.22,10.1,10.38,9.53,7.1,7.65,6.56,6.86,7.2,9.11,9.4,9.46,8.93,7.61
2005-01-15 00:00:00,7.06,7.74,2.4,7.69,8.22,9.53,7.53,9.85,8.85,,9.57,8.99,14.68,7.85,8.47,7.83,8.17,8.81,7.92,6.86,12.81,10.46,12.91,7.59,7.38,6.34,9.6,7.94,7.4,9.13,10.52,9.33,8.19,9.8,9.98,7.5,9.97,9.65,7.16,10.63,10.29,8.08,7.18,8.47,5.88,6.49,7.07,9.25,9.52,8.04,8.49,7.06
2005-02-15 00:00:00,7.15,7.79,2.41,7.57,7.59,8.88,7.58,10.02,9.59,,8.52,8.1,14.45,7.83,7.86,10.43,7.8,8.69,8.11,7.31,13.04,10.85,12.27,7.25,6.99,7.37,9.8,7.34,7.05,9.07,11.53,8.47,8.33,9.9,9.11,6.81,9.19,8.77,7.31,10.47,10.34,7.82,7.08,8.92,5.87,6.35,6.72,8.69,9.54,8.03,8.49,6.91
2005-03-15 00:00:00,7.12,7.93,2.49,5.69,7.67,8.94,7.88,10.36,9.28,,7.99,8.9,14.65,7.81,8.25,8.06,8.09,8.62,7.89,6.81,13.11,10.19,12.23,7.34,6.97,7.39,10.04,7.19,7.09,9.12,12.12,8.2,6.87,10.01,8.85,6.87,9.68,8.35,7.18,10.63,10.29,7.84,6.98,8.3,6.21,6.32,6.76,8.61,9.25,7.97,8.54,6.94
2005-04-15 00:00:00,7.71,8.35,2.3,8.61,8.38,8.4,7.91,10.81,11.33,,8.37,8.37,15.04,7.86,9.39,10.9,7.66,8.33,8.38,7.81,12.85,11.38,12.93,8.16,7.47,8.13,10.18,6.84,7.38,9.31,12.99,7.92,6.44,10.18,9.47,7.54,11.09,7.17,7.18,10.01,10.43,8.71,7.25,8.66,7.1,6.35,6.82,8.71,9.73,9.03,8.77,6.24
2005-05-15 00:00:00,7.19,7.79,2.29,8.95,8.94,8.71,8.19,9.51,10.93,,8.42,8.32,14.45,7.7,9.65,10.16,8.11,7.27,8.17,7.14,10.21,10.68,12.49,8.21,7.1,7.67,10.14,7.31,7.73,9.34,12.69,8.39,7.09,9.92,8.06,7.1,11.12,8.62,6.86,9.59,10.86,8.28,7.16,8.33,6.65,6.51,6.88,8.23,9.59,8.35,8.66,6.9
2005-06-15 00:00:00,6.91,7.52,2.25,8.26,9.14,8.46,8.73,8.73,10.46,,8.99,8.01,16.1,8.29,9.4,8.75,7.65,6.61,7.79,6.88,11.15,10.33,10.78,8.95,7.06,7.4,10.06,7.48,7.22,9.36,11.38,7.66,7.14,9.96,8.82,8.77,11,9.36,7.02,9.3,11.24,7.71,7.05,7.96,6.44,6.48,6.66,8.94,9.6,7.6,8.18,6.12
2005-07-15 00:00:00,7.4,6.98,2.38,8.87,9.55,8.51,8.66,9.55,10.46,,8.43,8.52,16.54,7.74,8.39,9.36,7.92,7.1,8.32,7.69,10.89,10.99,11.3,9.15,7.11,7.55,10.11,7.76,7.53,9.45,9.88,7.1,7.18,9.29,9.18,6.75,11.11,9.46,7.15,9.87,11.49,8.59,7.2,8.24,7.08,7.28,6.8,9.01,9.6,7.84,8.63,7.45
2005-08-15 00:00:00,7.98,9.2,2.4,8.36,9.72,8.66,8.95,10.51,9.33,,9.99,8.85,16.68,6.98,9.08,8.94,9.24,7.26,8.91,8.45,11.5,10.95,13.27,9.69,6.74,8.42,10.08,8.94,8.2,9.65,9.88,7.83,7.47,9.67,9.93,8.39,11.27,13.14,7.05,9.65,12.26,9.27,7.12,8.44,7.68,7.25,6.82,9.08,8.73,9.27,8.97,7.5
2005-09-15 00:00:00,10.18,9.72,2.48,8.95,10.46,9.53,8.56,13.43,10.77,,9.03,11.71,17.73,7.71,10.25,10.85,10.27,7.83,11.11,11.78,15.21,13,13.84,9.91,9.07,9.87,10.9,9.06,7.99,9.68,12.1,9.53,8.25,10.3,11.67,9.51,12.26,21.21,7.21,11.55,11.38,13.06,7.49,10.52,10.08,7.45,7.29,11.15,9.68,12.9,11.66,8.81
2005-10-15 00:00:00,12.06,14.41,2.61,10.96,10.28,11.6,8.4,17.16,11.27,,12.11,13.33,19.01,9.38,12.31,11.53,11.53,10.44,13.42,14.71,15.31,14.95,16.48,11.32,11.33,13.41,12.07,9.83,10.13,9.57,12.1,13.31,10.66,12.87,15.72,10.58,14.68,9.94,9.01,13.74,11.18,16.68,7.76,13.32,10.96,8.32,8.67,13.91,11,16.67,13.35,10
2005-11-15 00:00:00,12.11,13.99,3.99,9.3,12.37,13.39,9.99,16.27,13.11,,12.07,13.71,19.36,9.8,12.71,10.54,12.18,10.55,14.35,13.93,17.86,16.36,18.51,10.87,11.98,14.54,13.25,10.08,11.36,11.6,13.11,16.16,12.4,14.74,13.85,10.54,14.05,12.59,9.2,15.02,12.25,15.88,11.49,14.72,10.79,8.81,10.31,15.02,12.35,16.45,13.24,13
2005-12-15 00:00:00,11.17,13.11,3.72,9.87,11.71,12.78,11.41,14.82,14.05,,11.24,14.78,18.67,10.26,13.07,13.52,12.05,11.14,12.71,12.54,18.09,14.94,17.19,10.74,10.21,13.1,14.85,10.24,11.83,12.09,16.38,14.36,12.33,14.16,13.71,10.81,13.84,12.84,9.23,14.23,13.32,13.43,10.9,14.08,8.92,10.27,10.65,15.84,11.61,13.33,11.25,11.7
2006-01-15 00:00:00,10.85,13.35,4.06,9.87,10.72,12.76,14.68,14.82,13.87,,12.98,12.91,17.33,10.16,12.45,12.44,10.95,12.86,14.01,11.4,17.95,17.03,17.52,10.27,10.78,12.89,14.07,12.89,10.76,11.93,15.92,14.67,10.71,12.55,13.27,10.66,13.35,11.86,9.22,15.16,13.48,13.53,10.87,12.97,8.94,9.72,10.25,13.69,11.33,13.72,11.66,11.46
2006-02-15 00:00:00,9.38,11.26,4.08,9.58,10.29,11.49,14.86,12.6,13,,11.66,11.85,17.29,10.18,11.47,11.28,10.21,11.29,12.04,8.53,18.09,14.74,16.62,9.72,9.06,12.03,12.89,13.15,10.15,11.95,12,13.34,10.56,11.86,12.23,9.71,13.01,10.1,9.08,13.81,13.31,10.65,10.78,12.09,7.57,9.58,9.42,12.5,10.34,10.38,9.93,10.36
2006-03-15 00:00:00,8.24,10.17,4.32,9.47,9.02,10.55,12.54,11.64,13.68,,12.19,9.4,17.25,10.23,9.72,10.65,9.2,9.26,10.47,7.12,17.73,14.03,15.02,9.79,8.71,9.89,12.27,11.79,9.09,12.19,12.65,10,9.59,11.01,9.51,9.26,11.91,11.44,9.03,13.29,13.34,9.23,10.31,10.63,6.82,8.49,8.8,9.43,10.44,9.07,10.46,10.3
2006-04-15 00:00:00,7.93,9.52,3.67,9.69,8.64,8.85,12.11,11.65,14.08,,11.56,9.51,18.08,10.16,8.93,15.01,8.62,7.4,9.4,7.19,18.01,12.11,15.09,10.16,7.22,9.07,11.75,11.37,8.37,11.86,13.63,9.04,8.78,9.96,10.39,6.38,10.99,9.44,9.11,12.5,13.64,9.06,9.23,9.7,6.98,8.23,9.39,9.91,9.49,9.15,9.45,10.06
2006-05-15 00:00:00,7.63,8.93,3.71,9.57,9.25,8.84,11.52,10.34,10.91,,10.98,9.11,18.49,10.06,8.21,8.64,8,6.75,9.66,7.02,11.4,11.91,13.97,10.37,7.5,8.3,10.8,11.69,7.67,12.01,11.48,9.58,9.22,9.73,10.75,6.18,11.38,9.72,8.67,11.85,13.61,9.04,8.87,9.01,6.94,7.72,9.22,9.43,9.23,8.96,8.67,7.35
2006-06-15 00:00:00,6.92,8.33,3.69,10.01,8.57,8.06,11.45,9.17,14.98,,11.27,8.44,19.62,9.7,8.22,8.92,8.28,6.05,8.17,6.83,11.3,11.53,12.67,9.78,6.71,8.41,10.88,12.63,7.39,12.47,11.95,9.82,9.58,7.57,10.42,5.49,11.12,9.07,9.06,11,13.21,8.54,9.01,8.91,5.99,7.6,8.69,8.46,8.59,7.38,7.95,7.68
2006-07-15 00:00:00,6.78,7.9,3.68,10.09,9.14,7.66,11.38,9.34,11.75,,11.43,8.53,20.14,10.37,8.16,7.89,6.83,5.99,8.08,6.9,11.68,11.42,12.79,10.42,8.31,7.86,10.6,13.34,6.9,12.12,13.19,7.56,8.78,8.63,10.34,6.55,10.38,12.98,8.92,10.64,13.76,7.71,8.99,8.51,5.92,7.52,8.31,8.42,8.92,7.35,8.12,7.32
2006-08-15 00:00:00,7.36,8.96,3.68,10.32,9.35,8.12,11.37,9.59,11.23,,11.05,8.17,19.42,10.54,7.81,8.02,8.45,6.44,8.48,7.55,10.99,11.32,13.01,10.18,7.09,8.03,10.78,14.76,6.99,12.2,10.73,9.56,7.64,9.39,10.48,7.28,10.53,8.11,9.15,10.74,13.31,8.81,9.06,8.85,6.58,7.27,8.76,9.04,9.32,8.66,8.74,7.6
2006-09-15 00:00:00,7.21,8.58,3.65,10.29,9.18,8.71,11.66,9.78,11.93,,11.76,8.61,18.92,10.04,8.01,7.36,7.83,6.66,8.12,6.95,11.47,11.27,12.97,10.21,8.08,8.2,10.95,12.35,7.77,12.29,11.04,9.04,8.14,9.14,10.59,6.23,10.73,8.17,9.19,10.08,13.51,8.5,9.34,9.37,6.34,7.45,9.39,8.61,9.11,8.32,8.6,7
2006-10-15 00:00:00,5.62,6.8,3.72,9.8,8.45,7.56,10.51,7.96,10.64,,11.53,7.67,19.32,9.84,7.34,6.01,6.39,6.32,7.19,5.06,11.13,10.62,11.49,10.03,5.66,7.5,10.77,10.36,7.79,12.05,10.68,8.88,7.89,8.55,9.59,4.81,9.23,5.99,9.09,9.58,13.52,6.13,8.45,8.94,4.41,6.79,8.92,7.58,9.4,5.66,5.79,8.3
2006-11-15 00:00:00,7.74,9.28,4.27,10.18,10.24,8.18,10.89,11.48,8.81,,11,8.14,18.71,10.18,7.43,7.63,7.26,7.4,9,7.28,14,10.32,13.34,9.52,7.31,7.59,10.94,9.86,6.12,11.91,13.25,6.35,8.45,11.1,11.25,7.06,10.65,8.84,9.67,11.38,12.95,9.32,7.66,9.03,6.95,6.43,9.35,9.03,10.07,8.83,9.67,7.85
2006-12-15 00:00:00,8.23,10.11,4.23,10.13,10.17,9.36,11.16,12.03,9.2,,12.42,9.94,17.07,9.43,8.81,8.86,8.31,9.25,9.4,7.32,13.35,11.28,13.76,9.33,8.6,9.21,11.38,9.69,9.06,11.5,12.17,11.48,9.22,12.18,11.55,7.82,11.52,9.48,9.8,12.37,12.38,10.48,8.45,9.99,7.13,7.3,9.72,9.81,10.53,10.09,10.07,7.65
2007-01-15 00:00:00,7.36,8.32,4.36,10.18,10.41,9.1,10.39,11.09,9.31,,10.87,9.14,17.18,9.91,8.65,7.75,8.87,9.7,7.92,6.06,13.39,12.2,14.26,9.3,8.45,8.41,11.21,9.56,8.49,11.71,13.63,10.06,9.38,11.42,10.08,8.32,10.21,9.1,9.67,11.45,12.42,8.13,8.69,9.6,6,7.17,9.42,9.45,9.73,7.56,9.71,7.48
2007-02-15 00:00:00,8.25,9.37,4.37,10.35,8.26,9.1,10.42,11.3,8.86,,11.61,8.78,17.9,9.92,8.82,7.97,9.39,9.73,8.56,7.56,13.56,11.09,14,9.26,8.09,8.11,11.04,9.35,8.67,12.36,13.07,10.07,9.49,11.69,10.31,7.71,10.54,9.3,9.75,11.16,12.43,9.1,8.65,9.98,7.1,6.94,9.56,8.98,10.07,8.73,9.79,7.28
2007-03-15 00:00:00,8.42,9.53,4.49,11.15,8.99,9.88,10.7,11.32,9.25,,11.76,9.32,17.24,9.68,9.07,13.1,9.28,10.3,8.64,7.68,13.42,12.08,16.03,9.47,8.17,8.76,11.3,9.73,7.94,11.13,17.43,10.61,9.74,12.18,10.04,8.06,10.73,9.54,9.68,11.23,12.33,9.64,8.88,10.13,7.14,7.4,9.47,9.08,10.31,9.64,10.15,7.24
2007-04-15 00:00:00,8.14,9.22,4.57,10.56,9.29,9.13,9.6,10.91,9,,11.11,8.93,17.62,9.58,9.21,9.15,8.58,9.65,8.57,7.8,13.35,11.89,16.11,9.5,7.8,8.58,11.25,9.88,8.66,11.7,16.82,10.09,8.67,11.76,9.57,7.12,10.56,15.17,9.53,10.53,12.45,9.36,8.6,9.76,7.16,7.02,9.31,9.06,9.89,9.38,8.83,6.34
2007-05-15 00:00:00,8.11,8.81,4.62,10.82,9.19,9.24,7.55,10.47,10.67,,10.88,9.05,18.09,9.35,9.24,10.61,8,7.91,8.72,7.81,12,11.72,15.06,9.77,7.55,8.77,10.87,10.53,7.98,11.72,12.82,9.54,8.68,11.17,9.48,7,10.89,7.73,8.78,9.91,12.53,9.07,8.29,9.47,7.53,6.12,9.48,10.06,9.84,9.24,9.01,5.77
2007-06-15 00:00:00,7.92,8.88,4.57,11.62,9.06,9.72,7.11,10.65,9.3,,10.68,9.18,18.47,9.08,9.32,9.49,8.58,7.75,8.7,6.73,11.98,11.53,13.59,9.85,8.09,8.8,11.15,11.24,8.35,12.18,11.13,9.54,9.02,11.52,9.52,7.34,11.34,9.22,9.51,10.19,12.64,9.25,8.6,9.67,7.68,6.38,9.37,9.87,10.23,9.42,10.06,5.7
2007-07-15 00:00:00,7.51,8.52,4.56,11.75,9.22,9.71,6.98,10.21,9.62,,10.57,8.86,18.38,9.21,9.82,8.9,8.61,7.16,8.31,6.91,13.97,11.38,14.46,10,7.11,8.39,11,11.67,8.41,12.09,12.69,9.79,8.77,11.19,9.85,6.92,11.22,10.38,9.28,9.72,12.96,8.82,8.27,9.3,6.91,5.8,9.23,9.99,9.6,8.74,8.94,5.89
2007-08-15 00:00:00,6.72,8.31,4.61,11.11,9.52,8.7,6.96,9.2,8,,10.34,8.18,19.56,9.19,9.6,8.79,7.88,6.51,7.65,6.42,11.98,11.46,13.92,9.96,6.44,7.7,10.56,11.13,7.79,12.16,9.21,7.98,7.76,11.63,9.75,5.97,9.86,11.58,9.27,9.62,12.95,8.13,8.1,8.62,5.92,5.92,8.5,9.06,9.31,7.53,9.35,5.89
2007-09-15 00:00:00,6.28,7.39,4.53,10.21,9.23,7.89,7.12,8.52,9.6,,10.12,7.63,19.65,9.35,8.86,6.9,7.48,6.35,6.91,5.91,11.77,10.28,13.61,9.72,6.16,7.22,9.98,9.96,7.1,12.27,9.62,7.58,6.78,9.71,9.56,5.37,10.16,8.18,9.11,9.56,12.72,7.3,8.15,7.86,5.45,5.86,8.34,8.34,8.9,6.65,8.42,5.3
2007-10-15 00:00:00,7.06,8.11,5.36,9.64,9.21,8.14,6.58,9.74,8.78,,9.38,8.33,19.22,9.04,8.47,7.32,7.48,6.41,7.9,6.82,11.96,11.11,12.25,9.4,6.63,7.47,10.05,8.99,6.34,11.94,8.7,7.54,7.46,11.23,9.61,6.08,9.74,6.23,9.22,10.12,12.81,8.17,7.83,8.44,6.35,5.6,8.47,8.6,8.99,7.88,8.54,5.23
2007-11-15 00:00:00,7.87,8.72,5.64,9.83,10.76,8.74,6.04,10.41,7.09,,9.81,8.95,18.85,8.95,9.02,6.5,8.53,7.06,8.72,7.44,14.85,11.2,14.65,9.41,7.56,8.64,10.95,9.36,7.04,11.58,10.42,10.3,8.96,12.02,10.61,7.09,11.02,8.05,8.85,10.41,12.7,9.54,7.7,8.93,7.02,5.6,8.58,9.66,9.99,8.8,10.28,6.93
2007-12-15 00:00:00,8.18,8.92,5.94,9.7,11.02,9.32,7.39,11.84,8.47,,9.57,9.71,21.36,9.14,8.81,8.18,8.86,8.18,9.22,7.56,14.68,11.89,15.57,9.41,8.45,8.29,10.09,9.76,8.26,11.24,14.01,10.62,9.28,10.97,11.03,7.83,11.02,9.17,8.83,10.87,12.65,9.57,7.93,9.46,7.03,6.04,8.78,9.69,10.09,8.8,10.19,7.3
2008-01-15 00:00:00,8.29,9.23,5.92,9.98,9.68,10.2,7.11,11.65,10.72,,9.84,8.88,23.23,9.18,8.81,8.95,8.74,8.97,8.72,7.68,14.49,12.25,14.54,9.54,8.36,8.4,10.61,9.72,8.8,11.42,13.67,11.49,8.75,11.59,11.28,8.16,11.45,13.08,8.75,11.33,12.62,9.64,8.42,9.41,7.02,6.66,8.7,10.46,10.28,8.84,9.95,6.69
2008-02-15 00:00:00,8.96,9.96,6.87,10.7,9.73,10.15,6.2,10.39,11.37,,10.11,9.54,22.62,9.17,9.38,9.3,9.99,9.99,9.3,8.63,15.45,12.26,14.64,9.59,8.67,9.36,10.94,10.29,8.4,11.26,13.7,12.3,9.24,11.28,11.13,7.8,11.97,12.3,8.99,11.64,12.5,10.15,8.72,9.56,7.92,6.76,9.08,10.16,10.29,9.86,10.24,7.07
2008-03-15 00:00:00,9.61,10.17,7.32,11.35,10.26,10.51,6.6,12.33,11.84,,10.67,10.16,22.19,9.14,10.1,10.33,10.06,9.33,9.79,9.47,14.92,12.83,14.9,9.72,9.5,9.74,11.22,10.76,9.39,11.42,14.29,13.01,10.1,12.07,11.03,8.39,12.65,12.72,8.85,11.51,12.49,10.69,9.05,9.82,8.9,7.06,9.52,10.7,10.29,10.84,10.52,7.28
2008-04-15 00:00:00,10.03,10.89,4.65,11.27,10.93,11.47,6.86,12.64,10.72,,10.58,11.12,24.72,8.93,10.92,11.57,10.71,8.94,10.46,10.16,15.61,13.62,15.41,10.63,9.63,10.52,11.47,11.83,9.11,11.16,14.34,13.46,10.21,11.83,11.17,8.72,13.61,13.38,8.98,10.91,12.75,11.83,9.26,10.37,9.41,7.21,9.68,11.49,10,11.54,11.36,7.94
2008-05-15 00:00:00,11.35,12.25,4.97,12.25,11.53,12.4,7.59,14.47,11.06,,10.81,12.32,26.75,8.62,11.86,12.02,10.89,9.26,11.78,11.5,13.97,14.54,16.45,11.15,10.85,11.97,11.61,12.17,10.06,11.1,14.42,13.93,11.66,13.1,11.37,9.34,14.84,12.61,9.22,11.4,12.99,12.62,10.14,11.65,11.09,7.13,10.31,12.65,10.9,13.21,11.7,8.22
2008-06-15 00:00:00,12.11,13.04,4.7,11.93,11.17,12.91,10.17,15.99,15.31,,14.07,13.51,30.04,8.55,12.68,13.41,11.83,9.7,12.31,12.23,15.12,16,17.6,11.52,11.92,11.79,11.36,14.14,11.48,11.47,14.7,15.62,12.24,14.82,13.67,9.54,14.99,13.22,8.26,11.42,13.09,13.55,10.44,12.97,11.87,7.67,11.11,13.93,10.81,13.92,13.29,8.71
2008-07-15 00:00:00,13.06,14.1,4.89,12.59,12.1,14.34,9.94,17.68,16.21,,13.29,14.29,31.48,8.22,14.55,13.89,12.42,10.66,14.1,12.81,14.17,18.19,19.24,12.13,12.53,13.87,13.19,14.43,11.86,11.26,16.15,18.51,13.74,12.68,14.44,11.67,15.9,13.43,9.53,11.92,13.23,13.26,11.53,14.17,12.93,8.11,12.18,15.24,10.95,15.57,13.9,7.54
2008-08-15 00:00:00,10.1,10.76,4.41,11.12,11.41,12.99,10.01,14.05,15.57,,13.01,12.65,33.42,8.27,13.6,11.34,11.83,9.72,11.22,9.53,15.49,16.35,18.4,12.41,10.2,11.43,13.14,13.98,12.18,11.34,15.26,15.17,12.66,13.3,14.52,8.26,15.13,11.77,8.92,12.9,14.14,11.61,9.51,12.77,9.32,8.45,10.46,13.57,10.17,11.32,11.42,8.07
2008-09-15 00:00:00,9.13,10.04,4.3,10.23,11.03,10.53,15.93,14.02,15.11,,13.54,10.87,31.17,8.48,11.92,10.5,9.3,8.03,10.49,9.01,14.14,15.61,17.12,11.49,8.5,9.73,11.96,13,9.43,9.48,15.21,12.29,10.35,11.37,14.18,7.7,12.9,15.59,8.8,13.44,14.05,10.74,8.47,11.24,8.12,7.58,8.83,11.65,9.39,10.2,10.8,6.86
2008-10-15 00:00:00,8.1,9.35,6.17,8.84,10.75,9.27,16.25,10.48,13.79,,12.37,9.87,29.21,10.31,10.78,8.04,7.3,6.68,9.86,7.53,13.98,13.26,12.93,10.52,6.95,9.5,11.39,11.94,7.88,10,13.82,12.21,8.75,12.56,12.3,7.35,12.79,11.43,8.75,14.02,14.14,9.58,8.37,10.4,7.24,6.77,9.15,10.67,9.94,9.29,8.86,6.65
2008-11-15 00:00:00,7.34,8.67,6.08,7.96,9.79,7.86,8.98,11.1,12.46,,12.34,10.35,25.83,9.84,10.43,10.17,7.11,7.53,9.28,6.22,15.56,12.71,13.73,10.47,7.13,8.71,11.04,10.15,6.36,11.4,14.74,11.1,8.14,12.69,12.14,7.09,11.89,14.23,9.86,13.96,14.45,9.52,7.88,9.72,5.88,6.83,9.19,10.29,11.98,8.43,9.69,8.1
2008-12-15 00:00:00,7.86,9.43,5.27,9.15,10.44,8.49,9.01,11.38,13.44,,12.14,9.82,20.72,10.24,9.49,10.95,7.92,8.89,9.79,6.63,15.56,12.46,14.49,10.1,7.98,9.03,10.81,10.18,6.54,10.66,14.53,11.7,6.17,12.81,12.06,7.58,11.91,14.28,10.15,13.9,13.37,9.23,7.75,9.71,6.22,6.76,9.12,9.88,12.18,8.74,10.07,8.13
2009-01-15 00:00:00,7.5,8.77,4.08,9.23,10.27,8.27,7.48,9.76,12.9,,10.33,9.19,17.41,9.53,8.98,9.9,8.22,9.23,9.79,6.29,11.3,12.82,14.75,10.01,7.96,9.27,10.63,9.65,7.78,10.99,14.77,10.89,7.37,11.36,11.01,8.42,10.28,12.89,9.99,12,12.38,8.68,8.56,10.7,5.47,7.45,9.11,9.54,12.35,8.11,10.13,7.42
2009-02-15 00:00:00,6.43,7.46,4.27,8.02,10.65,7.31,5.87,9.35,12.77,,10.38,8.53,16.86,9.46,8.79,9.36,7.84,8.19,8.02,4.91,11.74,11.47,14.25,10.08,6.96,8.26,10.29,9.99,7.88,10.92,14.67,9.65,6.07,10.54,10.24,7.52,9.65,11.99,10.06,11.5,12.68,7.18,8.39,9.18,4.13,7.4,8.69,9.15,12.47,6.67,8.9,6.53
2009-03-15 00:00:00,5.69,6.7,3.95,7.86,10.97,6.4,5,8.4,13.55,,9.06,7.8,14.67,9.37,7.64,10.7,7.28,5.79,7.79,4.39,11.51,10.97,13.97,10.1,6.21,7.35,10.33,9.57,7.26,11.36,14.12,8.21,5.6,10.31,9.55,6.21,8.91,12.48,9.31,10.42,12.47,6.35,7.5,8.17,3.77,6.57,8.77,7.37,11.99,5.7,9.25,6.76
2009-04-15 00:00:00,5.05,6.09,3.98,7.76,7.44,6.6,4.43,8.03,15.74,,9.44,6.03,14.83,9.26,6.67,8.06,5.6,5.52,5.08,3.99,10.94,8.82,12.58,9.03,4.86,6.37,9.82,9.44,6.44,11.27,13.85,7.67,4.97,9.31,8.67,5.54,7.93,13.52,10.52,9.02,11.64,5.62,5.63,7.05,3.8,5.94,8.16,7.85,12.67,5.2,6.54,4.56
2009-05-15 00:00:00,4.4,5.62,3.98,8.2,7.37,4.81,7.51,7.49,14.38,,9.88,5.55,15.9,8.98,6.03,4.78,4.84,3.7,4.55,3.85,6.87,10.09,11.22,8.94,4.65,5.68,8.61,8.96,4.69,11.32,12.71,7.41,4.04,8.62,7.75,4.31,7.59,12.16,10.47,7.24,11.44,5.29,4.85,5.82,3.46,4.96,7.69,5.61,12.25,4.77,4.88,4.49
2009-06-15 00:00:00,4.56,6.38,3.99,8.36,7.05,6,7.5,7.79,14.52,,9.56,5.64,17.7,8.66,6.49,5.65,4.57,4.07,5.09,3.92,6.17,9.24,8.65,9.31,4.32,5.76,7.35,8.35,4.06,11.9,10.1,7.01,4.5,8.71,7.6,4.48,7.55,12.71,8.29,6.93,12.39,5.37,3.99,6.11,3.78,4.78,7.65,5.71,12.04,4.94,6.43,5.04
2009-07-15 00:00:00,4.68,6.56,4.02,8.36,6.82,5.81,7.48,7.67,16.66,,9.32,5.65,21.31,8.66,6.86,5.39,4.55,4.06,5.18,3.7,5.9,10.29,8.7,9.49,4.34,6.05,8.6,10.12,4.67,11.6,10.4,8.44,5.11,7.68,7.77,4.68,7.48,13.68,10.4,6.96,13.4,5.73,4.83,6.11,4.09,4.91,7.51,6.07,12.45,5.16,5.76,4.41
2009-08-15 00:00:00,4.38,4.85,3.98,8.25,7.19,6.08,7.34,7.63,19.1,,9.31,5.93,20.92,8.64,6.3,6.74,4.73,4.21,4.49,3.54,7.35,9.83,8.42,9.46,4.31,5.67,8.49,9.55,4.97,11.82,10.3,8.19,5.17,7.71,7.54,5.08,7.49,12.33,10.46,6.58,12.89,5.19,4.2,5.87,3.66,4.68,7.18,6.13,12.52,4.62,5.45,4.31
2009-09-15 00:00:00,3.89,5.12,3.94,8.01,7.1,5.58,7.87,7.52,16.89,,9.16,5.03,22.34,9.12,5.63,4.61,4.68,4.09,3.73,3.12,7.96,8.93,8.05,8.95,3.92,5.18,8.61,8.63,4.63,11.49,9.57,6.86,4.73,9.12,7.43,4.17,8.31,13.4,10.53,6.45,13.09,4.63,5.2,5.18,2.97,4.65,7.49,5.49,12.01,4.03,5.59,5.01
2009-10-15 00:00:00,4.82,5.86,3.74,8.07,8.23,5.84,7.86,8.14,17.49,,8.55,4.54,22.4,7.26,5.93,4.57,4.84,4.71,4.74,4.24,8.12,10.15,7.89,8.94,5.07,5.77,8.54,8.09,4.66,11.34,8.88,7.37,5.3,8.7,7.47,4.93,7.83,9.94,10.49,7.98,13.94,5.58,4.53,6.04,3.97,4.61,7.42,5.95,10.53,5.02,5.88,6.03
2009-11-15 00:00:00,5.44,6.53,4.11,8.47,7.46,6.82,7.15,8.72,14.52,,9.7,5.17,22.09,6.99,6.36,5.95,6.16,6.66,5.87,4.28,8.26,9.63,12.05,9.42,5.87,6.43,9.5,8.25,5.29,10.93,11.89,8.55,6.57,8.81,7.89,5.7,7.77,11.41,8.26,8.33,13.3,6.24,5.1,6.97,4.45,5.09,6.96,7.91,9.79,5.39,7.47,5.35
2009-12-15 00:00:00,5.97,6.95,4.24,7.68,7.47,8.16,6.49,8.71,10.94,,8.33,5.33,23,6.26,6.18,5.12,6.79,7.57,6.36,5.25,8.69,8.97,12.61,9.25,5.85,6.77,9.09,7.76,6.43,11,12.56,8.91,6.17,8.56,8.12,5.59,7.59,12.77,7.73,8.88,12.96,6.73,6.3,6.38,4.98,5.74,7.24,6.16,9.7,5.69,7.61,5.84
2010-01-15 00:00:00,6.93,7.81,5.65,8.54,7.36,7.96,6.16,10.4,9.75,,8.28,6.92,23.04,6.53,7.24,5.56,6.61,9.04,6.95,6.13,11.77,8.9,11.25,9.5,6.42,7.48,8.76,8.1,6.13,11.07,12,10.39,7.93,9.06,9.08,6.22,7.33,7.49,7.19,8.26,11.34,8.18,6.77,7.98,6.14,5.86,7.09,6.96,9.63,7.07,8.23,4.21
2010-02-15 00:00:00,6.76,7.96,5.12,8.43,7.39,8.49,6.75,10.64,9.83,,8.88,7.65,23.38,6.49,7.65,6.36,7.08,8.96,6.67,5.64,12.21,9.45,10.89,9.66,6.16,7.18,8.88,8.64,6.88,11,12.4,9.99,6.69,8.88,8.77,6.18,7.14,8.13,7.21,8.66,12.34,7.24,6.78,7.77,5.75,6.07,7.14,7.96,8.98,6.48,8.26,4.8
2010-03-15 00:00:00,6.01,7.32,4.67,7.91,7.36,6.7,6.5,10.53,9.29,,9.23,7.35,22.68,6.41,7.6,6.53,7.06,8.12,6.32,4.86,12.17,9.5,11.52,9.49,5.54,6.64,8.79,8.76,6.61,11.08,12.19,9.53,7.23,8.92,8.76,5.47,6.88,8.04,7.15,9.07,11.82,6.54,5.93,7.56,4.96,5.95,7.02,6.56,8.72,5.92,7.74,4.34
2010-04-15 00:00:00,5.12,6.2,3.66,7.38,7.13,7.48,4.97,9.56,9.27,,9.08,6.16,23.95,6.37,7,5.38,6.21,6.34,4.63,4.19,12.12,9.69,10.6,9.04,5.16,5.82,8.67,8.72,6.27,10.98,12.16,9.29,6.22,8.26,7.85,4.78,7.5,11.73,7.07,8.22,11.53,5.51,5.41,6.54,4.19,5.56,6.7,6.81,9.18,4.84,7.79,4.3
2010-05-15 00:00:00,5.08,5.99,4.08,7.4,6.73,6.41,4.65,9.02,9.36,,7.84,6.02,25.19,6.31,6.35,5.78,5.45,5.15,5.02,4.42,10.58,9.07,10.34,9.01,5.41,6.05,8.36,7.28,5.39,10.63,11.95,9.56,6.56,8.16,7.57,5.47,9.32,10.8,7.04,7.3,12.24,5.8,5.51,6.32,4.4,4.99,6.52,6.48,8.85,5.2,6.53,5.46
2010-06-15 00:00:00,5.04,7.07,3.99,7.36,6.44,6.83,4.86,8.88,10.84,,8.69,5.34,25.35,6.23,7.42,5.31,5.61,5.09,5.08,4.6,9.48,7.83,9.2,9.16,5.05,5.83,8.61,8.05,5.25,10.55,10.88,9.45,5.99,7.7,7.75,5.21,9.82,14.4,7.06,6.45,11.95,5.75,4.58,6.23,4.41,5.06,6.38,6.16,8.88,5.06,7.11,5.33
2010-07-15 00:00:00,5.49,8.32,4.54,7.93,6.44,6.78,5.2,9.47,12.05,,8.52,5.93,23.1,6.07,7.98,6.03,5.69,5.32,5.6,4.94,9.35,8.79,9.34,9.55,5.62,6.18,8.26,7.41,5.36,10.48,11.14,9.7,6.05,7.66,7.95,5.96,9.99,10.11,7.16,7.35,12.51,6.25,5.85,6.4,4.97,6.56,6.48,6.87,9.53,5.41,7.83,5.37
2010-08-15 00:00:00,5.37,6.16,4.48,7.4,6.66,7.03,5.72,9.07,11.03,,6.58,5.81,22.34,6.45,7.84,6.2,5.76,5.53,5.63,4.82,9.46,8.35,8.65,9.54,5.36,6.13,8.37,8.41,5.83,10.85,10.24,10.49,5.97,7.5,7.99,5.03,10.39,10.44,7.04,7.51,13.27,6.26,4.9,6.57,4.81,5.37,6.24,7.19,9.52,5.68,7.14,5.41
2010-09-15 00:00:00,4.61,5.18,3.41,7.29,8.13,6.34,5.3,8.44,11.84,,8.61,5.71,24.55,6.31,6.82,4.54,5.59,5.05,4.54,4.04,9.39,8.52,8.35,9.32,4.68,5.34,8.74,9.19,5.54,10.07,11.18,8.36,5.57,8.31,8.02,5,9.36,8.02,7.09,7.59,13,5.22,5.57,5.98,3.91,5.32,6.14,6.32,9.93,4.41,6.36,5.32
2010-10-15 00:00:00,4.73,5.36,3.73,7.11,8.55,6.37,6.49,8.75,13.41,,8.7,5.33,24.48,6.58,6.58,4.93,4.85,4.87,4.95,3.82,9.27,9.48,7.94,8.8,4.94,5.5,8.5,6.58,4.88,10.09,10.44,8.85,5.71,8.74,8.27,4.93,6.78,9.77,7.11,8.28,12.88,5.28,5.24,5.75,3.97,4.99,6.14,6.34,9.89,4.71,6.21,4.93
2010-11-15 00:00:00,4.6,5.3,3.21,6.31,7.61,6.18,5.71,8.81,11.46,,8.74,5.86,25.25,6.02,6.02,5.44,5.58,5.71,4.61,3.77,10.6,9.06,10.85,8.74,5.07,5.18,8.77,8.74,5.15,9.68,10.97,8.32,5.76,9.11,7.48,4.87,7.01,9.9,6.91,8.56,12.15,4.95,5.95,5.25,3.52,5.35,6.17,5.8,9.78,4.33,7.21,5.28
2010-12-15 00:00:00,5.5,6.13,4.14,7.26,6.92,7.17,5.72,9.98,11.91,,8.44,5.97,26.53,6.75,6.54,5.56,6.07,6.31,5.72,4.46,11.58,8.84,10.96,8.67,5.83,6.09,8.79,7.21,5.54,9.39,11.73,9.35,5.81,8.48,7.78,5.31,6.89,5.46,6.62,8.48,11.7,6.46,5.99,6.42,4.39,5.8,6.34,6.13,9.74,5.39,7.66,5.1
2011-01-15 00:00:00,5.66,6.21,4.09,6.97,7,7.38,6.06,9.78,12.27,,8.27,5.9,26.4,6.8,6.38,7.7,6.51,7.05,5.62,4.63,11.74,8.98,11.15,8.6,5.75,6.14,8.57,8.89,5.93,9.4,11.66,9.43,6.46,8.25,7.94,5.22,6.52,5.68,6.86,10.02,11.41,5.94,6.46,6.49,4.35,6.11,6.45,6.43,9.63,5.33,7.66,5.26
2011-02-15 00:00:00,5.77,6.06,4.31,7.23,6.99,7.19,6.26,10.03,12.29,,7.66,6.66,27.37,6.7,6.44,7.3,6.39,7.14,5.6,4.43,11.16,8.55,10.86,8.55,5.84,6.05,8.63,6.99,5.81,9.8,11.79,9.94,6.6,7.88,8.16,5.33,6.45,6.1,6.96,10.62,11.42,6.02,6.44,6.54,4.53,6.04,6.49,6.68,9.52,5.33,7.43,5.12
2011-03-15 00:00:00,5.21,5.41,3.64,6.91,7.12,7.39,6.29,9.2,11.1,,8.51,6.1,28.41,6.7,7.05,6.42,6.18,5.29,4.99,4.15,11.47,8.5,11,8.34,5.78,5.82,8.67,8.36,6.02,9.61,11.85,8.71,6.29,8.72,7.89,5.09,6.33,5.17,6.92,10.32,10.98,5.53,6.47,6.2,4.01,6.08,6.37,6.33,9.73,4.78,7.35,5.14
2011-04-15 00:00:00,5.34,5.53,3.95,7.4,7.94,7,5.42,9.22,11.54,,8.48,5.91,31.03,6.64,6.73,7.43,5.7,5.28,5.17,4.54,11.38,7.54,10.65,8.15,5.73,5.98,8.52,8.21,5.8,9.29,12.52,9.13,5.81,8.35,7.54,5.21,7.57,11.23,6.81,9.38,10.29,5.75,6.1,6.19,4.47,5.76,6.42,5.88,9.42,5.17,7.41,5.5
2011-05-15 00:00:00,5.21,6.1,4.18,6.77,8.06,6.95,5.96,8.92,11.36,,8.01,6.09,31.29,6.56,7.07,6.11,5.47,5.27,5.32,4.58,9.9,8.35,9.42,8.31,5.55,6.01,8.6,8.2,5.56,9.37,12.57,8.94,5.8,9.11,7.37,5.38,8.12,11.13,6.84,8.76,9.72,5.82,6.34,6.09,4.5,5.46,6.48,7.32,9.4,5.24,6.6,5.53
2011-06-15 00:00:00,5.21,6.03,4.09,6.96,8.08,7.29,6.41,8.39,11.06,,8.32,5.95,32.17,6.34,8.03,6.02,5.46,5.15,5.33,4.67,10.01,8.25,10.02,8.6,5.7,5.92,8.6,8.75,5.59,9.53,10.94,9.96,5.68,8.85,7.63,5.37,9.29,11.47,6.85,8.46,9.88,5.82,6.25,6.07,4.56,5.43,6.4,7.14,9.53,5.27,6.64,6.02
2011-07-15 00:00:00,5.05,5.79,4.06,7.31,7.23,7.22,7.3,8.61,11.33,,8.67,6.14,31.1,6.47,8.8,6.5,5.63,5.2,5.14,4.64,8.64,8.92,10.16,8.56,5.81,5.96,8.4,9.5,5.6,9.04,10.92,10.29,6.22,7.5,7.74,5.18,9.49,11.15,6.92,8.68,12.33,5.82,6.33,6.25,4.39,5.29,6.39,7.01,9.64,5.14,6.39,6.23
2011-08-15 00:00:00,5.21,5.58,4.06,7.22,7.42,7.36,8.24,8.51,11.3,,8.13,6.11,30.15,6.33,8.54,6.51,5.44,5.27,5.12,4.52,8.65,8.68,10.22,8.4,5.57,6.03,8.39,8.74,5.63,9.02,10.95,10,6.43,7.72,7.56,5.11,8.52,10.99,6.91,8.56,12.06,5.81,6.71,6.17,4.64,5.24,6.25,6.42,9.94,5.08,6.61,6.47
2011-09-15 00:00:00,4.84,5.2,3.57,6.97,7.84,6.82,8.61,8.5,10.98,,8.44,5.84,29.15,6.3,8,6.4,5.43,5.03,4.91,4.18,8.61,8.63,9.48,8.23,5.06,5.72,8.49,9.36,5.51,8.8,10.87,10.56,6.06,8.15,7.57,4.97,7.59,10.25,6.75,8.98,11.1,5.34,6.44,5.93,4.17,5.29,6.19,5.42,9.49,4.49,6.12,6.36
2011-10-15 00:00:00,4.71,5.15,3.62,6.51,8.45,6.59,6.66,9.13,11.38,,7.68,5.15,29.58,6.02,7.04,6.09,5.2,5.14,4.77,3.88,8.83,9.11,9.03,7.79,5.16,5.53,8.41,9.27,5.08,8.5,10.84,9.48,6.4,8.66,7.41,4.81,7.69,10.36,6.87,9.73,10.8,5.23,6.11,5.83,3.92,5.1,5.24,6.82,9.45,4.53,5.95,5.59
2011-11-15 00:00:00,4.64,5.04,3.4,6.52,7.35,6.53,5.74,8.98,11.55,,7.44,5.65,29.41,5.23,6.56,6.04,5.75,5.21,4.92,3.56,11.29,8.85,9.71,7.86,5.13,5.43,8.7,7.66,5.19,8.1,11.8,8.33,6.66,8.41,7.39,4.88,6.29,8.26,6.74,10.38,10.5,5.1,5.67,5.9,3.63,5.04,5.51,6.28,9.17,4.2,7.04,5.51
2011-12-15 00:00:00,4.59,4.89,3.24,6.12,7.22,6.81,6.75,9.75,11.02,,7.76,5.58,31.42,6.44,6.33,5.12,5.49,6.4,4.83,3.47,12.08,8.82,9.01,7.55,5.42,5.39,8.32,8.42,5.25,7.63,11.14,8.22,6.31,7.32,7.47,4.82,5.99,7.19,6.71,10.2,10.52,5.03,5.92,5.91,3.45,5.19,5.43,6.11,8.84,4.23,6.84,5.34
2012-01-15 00:00:00,4.58,4.84,4.24,6.26,7.25,6.71,5.83,9.86,11.11,,9.61,5.07,29.43,6.37,5.88,6.56,5.49,6.41,4.74,3.15,11.89,8.05,11.26,7.77,4.84,5.41,8.15,8.13,5.17,7.86,10.99,8.7,5.85,6.81,7.37,4.74,5.49,6.66,6.36,10.26,10.27,4.83,5.89,6.04,3.31,5.22,5.29,6.31,8.89,3.83,6.28,6.27
2012-02-15 00:00:00,4.19,4.56,4.45,5.94,7.3,5.69,5.74,9.43,11.04,,7.95,4.74,31.12,6.19,5.26,7.27,5.24,6.47,4.22,2.82,13.62,7.59,10.12,7.63,4.74,4.97,7.93,7.31,4.89,7.74,11,8.14,5.47,6.78,6.99,4.47,4.88,6.57,6.18,10.14,9.35,4.36,5.62,5.36,2.9,5.23,5.08,6.02,9,3.58,6.4,5.66
2012-03-15 00:00:00,3.71,4.11,3.35,5.67,7.34,6.57,6.08,8.18,11.27,,7.91,4.28,32.35,6.01,5.81,8.28,5.26,3.79,3.93,2.48,12.57,8.75,10.36,7.29,4.77,4.87,8.14,7.94,4.7,7.9,11.15,7.45,5.14,7.42,6.84,4.38,4.91,6.76,5.83,10.21,8.76,4.06,5.35,4.83,2.55,5.29,4.97,5.38,8.91,3.56,6.75,5.18
2012-04-15 00:00:00,3.21,3.77,3,5.25,6.15,5.17,4.5,8.46,12.4,,6.89,3.9,31.68,5.82,5.22,6.04,3.7,4.23,3.19,2.24,12.47,8.49,9.82,6.97,3.67,4.47,8.03,7.81,4.7,7.66,12.28,6.67,4.81,6.79,6.19,4.19,7.75,11.9,5.84,9.37,9.38,3.68,5.03,4.49,2.26,4.86,4.62,5.22,8.99,3.42,5.91,4.54
2012-05-15 00:00:00,3.02,3.67,5.11,5.13,5.36,4.86,6.29,8.62,11.67,,7.73,3.81,29.8,5.79,5.46,5.71,3.3,3.43,2.98,2.41,8.44,7.95,7.05,7.06,3.08,4.39,7.63,8.46,3.63,7.85,10.33,6.4,4.27,6.64,5.89,3.89,6.95,17.19,5.8,8.68,9.67,3.43,4.71,4.19,2.22,4.2,4.43,4.97,9,3.5,4.11,3.46
2012-06-15 00:00:00,3.34,3.99,6.27,5.82,5.14,5.27,6.15,7.55,13.25,,7,4,31.55,5.63,5.88,5.86,3.5,3.43,3.31,2.61,6.77,9.64,8.26,7.41,3.76,4.08,7.38,8.48,3.15,8.15,9.83,6.98,3.98,6.78,5.87,4.32,7.3,6.75,5.78,10.18,10.35,3.78,4.36,4.28,2.66,4.07,4.55,5.29,9.05,3.68,4.33,3.47
2012-07-15 00:00:00,3.6,4.17,6.39,5.78,5.34,5.58,7.6,7.86,14.44,,6.07,4.63,29.17,5.53,5.73,5.27,4.21,3.64,3.51,3.02,7.41,9.99,7.92,7.33,3.67,4.46,7.93,8.95,3.29,7.71,9.62,6.51,4.4,6.18,5.93,4.35,7.56,9.27,5.81,7.96,10.9,4.12,5.24,4.48,3.01,4.23,4.67,4.83,9.21,3.61,4.6,4.36
2012-08-15 00:00:00,3.83,4.29,4.8,5.91,5.6,5.75,7.32,7.3,12.19,,6.56,4.7,29.67,5.55,6.58,5.22,4.26,3.9,3.82,3.11,7.31,8.95,7.87,7.56,3.94,4.81,7.54,7.1,3.92,7.65,10.33,7.07,4.86,6.3,5.89,4.81,5.89,9.73,5.93,8.7,10.79,4.36,5.17,4.8,3.32,4.34,4.85,5.17,9.22,3.61,4.99,4.71
2012-09-15 00:00:00,3.56,4.1,4.53,5.4,5.44,5.3,5.97,8.84,11.41,,6.48,4.69,31.51,5.65,5.68,5.83,4.34,3.85,3.54,2.92,6.94,8.94,8.85,7.17,3.79,4.65,7.49,6.65,4.15,7.4,9.79,6.96,4.95,6.87,6.02,4.57,5.68,6.22,6.01,9.43,10.7,3.98,4.81,4.56,2.92,4.35,4.83,4.99,9.19,3.65,4.62,5.08
2012-10-15 00:00:00,3.94,4.46,4.14,5.94,5.56,5.45,6.3,8.5,11.95,,6.24,4.91,32.59,5.23,5.21,5.42,4.21,4.35,3.96,3.35,5.93,8.89,8.96,7.7,3.98,4.64,7.65,6.81,3.94,7.02,8.9,6.94,5,6.97,5.7,4.53,5.94,8.21,5.98,8.98,10.97,4.37,4.79,4.83,3.28,4.45,4.9,4.95,8.81,3.71,4.85,4.62
2012-11-15 00:00:00,4.46,4.98,5.95,5.98,6.48,5.94,5.33,9.63,11.74,,6.16,5.32,31.52,5.28,5.44,5.18,5.4,4.73,4.71,3.68,9.28,7.49,11.03,7.09,4.72,5.16,7.84,6.98,4.22,6.37,9.6,8.22,5.25,7.53,6.03,4.49,5.41,8.9,5.46,9.29,10.02,5.09,5.37,5.5,3.65,4.78,4.91,4.83,8.27,3.55,6.39,5.03
2012-12-15 00:00:00,4.73,4.95,6.59,6.08,6.81,6.68,5.33,11.18,11.61,,6.52,5.78,30.2,5.36,6.05,5.21,5.75,5.32,4.93,3.79,13.12,7.44,10.35,7.11,4.9,5.65,7.76,7.46,5.06,6.05,10.05,8.53,5.62,7.24,6.63,4.73,5.16,7.97,5.32,9.24,7.52,5.32,6.23,5.82,3.9,5.4,5.02,5.16,7.83,3.51,6.63,5.99
2013-01-15 00:00:00,4.58,4.98,8.53,5.92,6.79,6.73,5.09,7.19,11.76,,6.85,5.39,29.51,5.52,5.72,6.26,5.62,6.48,4.54,3.54,12.99,7.97,10.52,7.12,4.58,5.32,8.08,7.8,5.08,6.21,10.15,8.06,5.61,7.38,6.7,4.15,5.75,6.22,5.8,9.17,8.14,5.16,6.21,5.7,3.58,5.49,6.62,5.55,8.39,4.2,6.36,4.33
2013-02-15 00:00:00,4.54,5.05,8.08,5.86,6.78,6.09,5.36,7.03,11.16,,6.51,5.19,29.83,5.5,5.55,7.27,5.56,6.12,4.44,3.43,12.38,7.52,10.49,7.06,4.47,5,8.07,7.62,4.82,6.16,10.34,7.73,5.49,7.11,6.77,4.06,5.41,7.07,5.89,9.04,8.08,5.02,5.35,5.66,3.48,5.37,5.67,5.46,8.35,4.23,6.06,4.18
2013-03-15 00:00:00,4.59,5.16,8.04,5.91,6.58,6.39,5.62,6.74,11.17,,7.63,5.31,31.25,5.36,5.85,7.13,5.81,5.47,4.59,3.76,12.24,7.72,10.83,6.76,4.58,4.92,8.06,7.41,4.88,6.22,11.35,8.18,5.31,7.83,6.64,4.13,5.61,6.94,5.82,9.03,8.66,5.18,5.28,5.52,3.65,5.4,6.56,5.54,8.31,4.38,6.21,4.22
2013-04-15 00:00:00,4.95,5.34,7.9,6.85,6.8,6.44,5.68,6.83,11.01,,6.17,5.85,29.24,5.3,6.4,7.16,5.21,4.99,4.91,4.25,12.54,9.25,10.82,6.92,4.85,5.16,8.48,7.61,4.83,6.35,11.35,7.53,5.05,7.65,6.38,4.55,5.9,4.65,5.87,8.84,9.03,5.49,5.74,5.78,4.27,5.31,7.54,5.67,8.47,4.23,6.6,4.61
2013-05-15 00:00:00,5,5.22,7.85,6.3,6.84,6.74,6.05,6.97,11.76,,7.2,5.96,26.01,5.23,7.28,6.54,5.35,5.23,4.99,4.3,10.37,10.72,10.21,7.48,5.57,5.79,8.08,9,5.06,6.45,9.71,8.18,5.21,7.37,7.07,4.51,6.56,7.77,5.89,9.03,8.91,5.65,5.86,6,4.48,5.16,9.77,6.32,8.5,4.11,6.12,4.77
2013-06-15 00:00:00,4.9,5.22,9.62,6.55,6.87,7.07,7.08,7.15,12.7,,7,5.62,25.7,5.1,7.35,6.7,5.39,4.97,5.1,4.25,8.93,10.88,9.04,7.52,5.82,6.31,8.09,7.69,5.2,6.81,11.03,8.68,5.49,7.99,7.18,5.01,7.63,9.59,5.81,8.7,9.58,5.65,6.15,5.83,4.38,5.16,10.01,6.87,8.64,4.69,6.01,5.09
2013-07-15 00:00:00,4.47,4.79,8.69,6.27,6.91,6.88,7.53,6.8,12.67,,7.21,5.36,25.61,5.26,7.5,7.19,4.85,4.78,4.68,3.85,8.53,12.05,8.75,7.74,5.53,6.19,7.94,7.87,4.56,6.95,11.68,9.46,5.61,7.35,7,4.63,6.72,10.65,5.66,9.44,10.67,5.21,6.49,5.5,3.91,5.38,9.74,6.86,8.46,4.07,5.4,4.66
2013-08-15 00:00:00,4.31,4.49,8.02,6.71,6.79,6.68,7.5,6.36,11.79,,6.87,5,25.95,4.96,7.95,5.94,4.84,4.54,4.54,3.63,8.07,9.7,9.82,7.1,5.04,5.81,8.2,6.37,4.16,7.19,11.91,10.04,5.41,6.89,7,3.85,6.19,17.56,5.85,9.85,10.5,4.92,6.3,5.29,3.77,4.97,10.31,6.42,8.42,4.14,5.17,4.36
2013-09-15 00:00:00,4.36,4.51,7.86,7.01,6.91,6.27,7.35,6.49,10.89,,6.66,4.99,30.14,5.04,6.15,6.05,4.99,4.3,4.92,3.75,7.86,11.06,8.21,7.23,4.82,6.5,8.47,6.74,5.04,6.93,12.78,8.62,5.47,7.17,6.83,3.77,6.53,12.28,5.82,8.85,10.03,5.04,6.14,5.3,3.8,5.02,10.71,6.53,8.21,4.4,5.06,4.46
2013-10-15 00:00:00,4.36,4.66,7.95,6.57,7.19,6.16,6.79,6.52,11.09,,6.91,4.93,26.95,5.58,6.04,5.3,5.05,5.02,4.84,3.74,7.6,8.98,7.8,6.76,4.92,6.58,7.98,7.08,4.26,7.2,12.65,8.89,5.91,7.7,6.73,3.91,7.34,6.82,5.57,9.44,10.01,4.99,4.98,5.34,3.75,4.9,11.2,6.17,7.91,4.29,5.01,4.35
2013-11-15 00:00:00,4.62,4.98,7.89,6.27,6.49,6.54,5.61,6.49,10.93,,6.25,5.43,26.79,6,5.61,5.77,5.58,5.55,5.08,3.72,8.75,8.87,10.5,6.73,5.35,6.75,8.34,6.99,4.66,7.13,10.36,8.42,5.95,7.51,7.03,4.19,6.05,9.61,6.12,9.29,8.81,5.3,5.36,5.56,3.83,4.95,10.78,5.98,8.22,4.14,6.15,4.5
2013-12-15 00:00:00,4.97,5.2,7.88,6.38,6.47,7.22,5.78,7.27,10.02,,6.29,5.87,25.56,6.17,5.65,6.44,5.98,6.51,5.37,4.17,10.5,8.6,10.72,6.73,5.13,6.56,8.43,6.94,4.4,6.91,10.92,8.54,5.98,7.39,7.37,4.23,5.92,5.89,5.48,9.4,8.72,5.63,5.7,5.91,4.11,5.47,9.31,6.16,8.54,4.6,6.31,4.73
2014-01-15 00:00:00,5.69,5.75,8.66,6.28,6.74,7.5,6.28,7.86,10.35,,7.66,6.27,26.63,6.17,6.33,7.64,7.2,6.94,5.86,5.11,11.37,9.34,11.19,7.08,5.69,6.38,7.58,7.17,5.37,6.89,9.64,10.06,5.82,8.01,7.62,5.07,6.11,6.71,6,10.02,8.76,6.88,6.1,6.42,4.63,5.89,6.9,5.97,8.63,4.56,7.24,5.37
2014-02-15 00:00:00,6.63,6.77,8.41,7.57,6.5,7.65,6.67,8.91,10.2,,6.57,7.25,27.21,6.17,7,6.97,8.77,7.74,7,6.42,12.73,10.46,11.68,8.19,7.01,6.3,7.39,7.22,4.51,7.28,10.26,11.7,6.47,8.64,8.02,7.48,7.37,6.32,5.96,9.47,8.87,7.41,6.97,7.15,5.69,6.1,6.93,6.48,8.55,5.19,8.09,5.51
2014-03-15 00:00:00,6.47,5.54,7.86,7.61,6.46,8.86,7,8.62,10.18,,6.9,6.56,26.47,6.58,9.26,9.83,8.87,7.73,6.2,5.57,13.86,8.67,13.08,8.87,10.04,5.62,7.95,8.61,6.18,7.64,10.57,10.82,6.69,9.38,7.58,9.44,6.91,10.19,5.97,11.17,9.09,6.77,8.55,6.98,5.05,6.41,10.64,6.85,8.51,5.03,11.91,6.52
2014-04-15 00:00:00,5.85,5.82,7.82,7.36,6.92,8.24,6.94,8.83,10.81,,6.86,6,26.96,5.88,11.32,8.89,7.91,6.37,5.67,5.22,13.58,9.76,13.53,7.44,6.22,5.58,8.43,9.35,6.26,7.39,12,9.93,6.46,8.68,7.54,5,7.36,8,6.02,9.89,9.42,6.25,7.83,6.63,4.87,6.31,6.1,6.84,8.26,4.69,8.98,7.04
2014-05-15 00:00:00,5.74,6.1,7.84,7.55,7.11,7.71,7.22,8.93,10.88,,7.23,6.23,27.22,5.72,10.08,7.68,7.78,5.79,5.86,5.36,11.01,12.22,11.59,8.02,6.28,6.3,8.49,10.34,5.36,7.52,11.13,9.25,6.05,8.66,7.72,4.76,8.11,15.07,6.01,10.32,11.39,6.33,6.79,6.61,5.03,5.49,6.1,6.59,8.36,4.5,10.57,6.08
2014-06-15 00:00:00,5.46,5.72,7.85,7.6,7.02,7.65,7.75,7.89,11.53,,6.9,6.34,28.06,6.14,9.49,6.68,8.66,5.67,5.73,5.26,10.3,10.14,10.21,8.14,6.09,6.86,8.39,9.58,4.87,7.66,9.9,10.41,6.24,8.1,7.35,4.57,8.56,22.75,6.09,10.7,10.71,6.16,7.25,6.41,4.82,5.54,6.42,6.45,8.44,4.58,6.72,6.08
2014-07-15 00:00:00,5.43,4.99,8.1,7.59,7.12,7.84,7.7,7.25,10.43,,7.29,6.14,27.4,5.63,10.61,8.5,7.6,5.6,5.52,4.89,10.53,11.73,10.32,8.61,6.14,6.93,8.38,10.23,5.96,8.6,8.6,10.88,6.24,7.93,7.31,4.43,7.03,8.91,6.16,10.15,12.68,5.9,7.59,6.04,4.9,5.82,5.97,6.74,8.49,5.35,7.37,6.01
2014-08-15 00:00:00,4.96,4.74,7.84,7.46,7.25,7.38,8.05,7.02,11.58,,7.16,5.4,28.68,6.01,11.94,7.39,8,5.15,5.17,4.4,9.69,11.04,9.88,8.11,5.57,6.18,8.11,10.01,5.98,8.86,8.62,11.68,6.05,7.48,7.51,4.11,7.18,9.77,6.35,10.82,11.53,5.25,7.55,5.55,4.36,5.76,5.48,6.27,8.44,5.13,6.52,6.15
2014-09-15 00:00:00,5.02,4.82,8.01,8.06,7.15,7.35,7.58,7.39,12.25,,6.41,5.57,28.07,5.67,7.72,6.27,7.8,5.09,5.49,4.52,8.74,11.2,9.5,7.98,6.01,5.7,8.02,7.83,6.18,8.48,7.76,10.27,5.97,6.75,7.64,5.68,8.1,11.05,6.34,10.46,11.41,5.46,7.08,5.54,4.35,5.55,5.58,6.33,8.42,5.27,6.93,5.74
2014-10-15 00:00:00,5.03,4.75,7.87,8.12,7.31,7.22,7.16,7.23,11.91,,6.91,5.58,26.68,5.93,6.32,5.91,6.67,5.58,5.47,4.54,9.01,10.41,8.45,7.6,6.09,6.08,7.99,7.36,5.98,8.54,6.25,8.33,6.28,6.71,7.66,4.44,7.3,14.47,6.13,11.22,11.94,5.39,6.7,5.68,4.26,5.53,5.86,6.48,8.38,5.13,6.3,5.3
2014-11-15 00:00:00,5.02,5.24,7.73,7.64,7.45,6.89,6.51,7.46,10.71,,6.64,5.55,24.67,5.38,6.11,5.22,6.49,5.7,5.23,4.51,13.61,9.45,11.28,7.27,5.66,6.03,8.25,7.84,5.95,8.31,7.31,10.22,6.13,7.03,7.02,4.9,7.07,8.63,6.65,9.16,10.76,5.59,5.71,5.76,3.98,5.69,5.9,6.16,8.73,5.24,6.98,5.74
2014-12-15 00:00:00,5.62,5.25,7.76,7.68,7.51,7.67,6.22,8.41,9.65,,6.48,5.95,23.01,6.11,6.64,7.23,6.91,6.35,5.78,4.63,14.34,11.02,11.98,7.41,6.57,6.26,8.36,7.64,6.43,7.84,8.74,9.99,6.06,7.19,7.42,5.5,6.95,5.14,6.73,8.92,9.28,6.08,5.94,6.37,4.5,6.54,6.37,6.29,9.06,5,7.59,5
2015-01-15 00:00:00,4.9,4.67,6.97,7.25,7.88,7.67,6.01,7.89,9.91,,8.4,5.34,20.25,6.04,6.02,7.52,6.42,6.97,5.28,3.9,15.2,10.06,11.74,7.06,5.89,6.12,7.91,8.14,4.84,7.94,14.13,8.81,5.84,7.43,7.06,3.92,5.26,7.62,7.56,8.74,9.12,5.77,6.04,6.18,3.38,6.65,5.7,5.76,9.66,3.72,6.78,6.48
2015-02-15 00:00:00,4.74,4.97,7.08,7.51,7.9,6.77,6.15,6.52,10.25,,7.12,4.98,18.33,6.03,5.13,6.69,5.65,5.81,5.12,3.69,15.22,9.64,10.86,6.98,5.83,5.46,7.65,7.34,4.34,8.27,12.47,8.26,5.06,7.04,7.52,3.86,5.44,7.4,7.6,8.96,9.01,5.99,5.52,5.75,3.11,6.74,6.25,5.28,9.43,3.31,6.67,5.4
2015-03-15 00:00:00,4.46,4.7,6.88,7.15,7.7,6.89,6.2,5.81,10.2,,6.53,5.02,18.66,5.9,5.74,7.18,5.69,5.74,5.13,3.51,15.12,8.81,9.6,6.7,5.82,5.72,7.79,7.22,5.39,8.32,12.09,7.96,4.93,7.21,6.69,3.77,5.22,6.57,7.52,7.85,9,4.96,5.31,5.69,3.01,6.72,5.98,5.32,8.94,3.43,6.4,5.17
2015-04-15 00:00:00,3.96,4.15,6.7,6.96,6.84,6.45,5.49,6.77,9.56,,6.05,4.22,19.4,5.82,5.75,9.14,4.48,4.43,4.43,3.24,14.71,8.08,9.67,6.21,4.54,4.72,7.95,6.97,5.53,8.71,10.89,7.87,4.52,7.21,6.11,3.01,5.28,9.41,7.06,8.25,9.2,4.36,5.42,4.99,2.88,6.5,5.29,5.15,9.58,3.24,4.46,5.36
2015-05-15 00:00:00,3.58,3.7,6.86,6.54,6.41,5.51,5.32,6.18,9.78,,5.88,4.14,19.68,5.75,5.66,6.14,4.77,4.16,4.2,2.95,5.5,10.17,8.73,6.59,4.19,4.43,7.33,6.46,4.13,9.06,8.31,7.82,4.11,6.54,5.67,2.81,5.71,6.31,7.11,9.59,9.75,4.2,5.5,4.84,2.82,5.94,5.23,5.33,9.24,3.1,4.42,5.02
2015-06-15 00:00:00,3.76,4.09,6.84,6.86,6.09,6.29,6.58,6.01,9.09,,5.78,4.41,20.94,5.74,5.94,5.7,4.78,4.08,4.52,3.41,4.61,12.71,6.9,6.78,4.62,4.33,7.52,4.87,3.83,9.18,7.16,8.13,4.44,6,5.83,2.9,7.24,8.96,7.06,10.21,9.38,4.57,5.14,4.87,3.04,5.72,5.17,5.08,9.48,3.13,5.07,5.2
2015-07-15 00:00:00,3.74,3.97,6.78,6.76,6.61,6.08,7.39,5.86,10.89,,6.7,4.34,21.57,5.99,6.06,6.29,5.46,3.99,4.35,3.46,4.68,11.89,6.66,6.44,4.53,4.52,7.88,6.38,4.27,8.71,6.14,8.19,4.53,5.86,5.95,3.11,5.4,8.63,7.12,10.06,9.61,4.47,5.71,4.8,3.08,5.2,5.9,4.81,10.07,3.17,4.54,4.63
2015-08-15 00:00:00,3.79,4.06,6.82,6.55,6.59,6.12,6.65,5.64,11.38,,6.04,4.38,19.29,5.98,5.96,5.85,5.13,3.94,4.06,3.49,4.81,9.99,6.91,7.02,4.68,3.97,7.29,5.9,4.33,8.16,6.05,8.75,4.6,5.33,5.87,2.95,6.09,8.77,7.23,10.35,10.09,4.59,5.73,4.8,3.13,5.32,4.53,4.56,9.35,3.18,4.91,4.75
2015-09-15 00:00:00,3.65,3.83,6.83,6.58,6.44,6.15,6.22,6.58,11.4,,6.09,4.28,19.09,5.82,6.19,5.21,6.19,3.9,3.88,3.31,4.72,8.76,6.26,6.75,4.17,4.49,7.96,6.97,4.27,8.58,5.1,8.31,4.7,5.83,6.14,2.81,6.64,12.85,7.21,10.37,9.79,4.38,6.04,4.63,2.95,5.3,4.65,4.86,9.25,3.14,4.56,4.75
2015-10-15 00:00:00,3.54,3.62,6.85,6.32,6.43,5.94,6.03,5.75,11.15,,6.3,4.14,17.99,5.66,5.39,4.27,4.57,4.17,3.79,3.16,4.56,9.52,5.51,6.33,4.24,4.24,7.17,5.84,4.12,7.72,5.48,7.34,4.69,5.57,6.04,2.76,5.61,9.9,7.25,8.93,9.92,4.27,5.13,4.45,2.78,5.24,5.58,4.69,8.73,3.16,4.69,4.56
2015-11-15 00:00:00,3.28,3.46,6.77,6.3,5.99,5.83,5.2,5.85,9.62,,6.22,3.76,17.68,4.83,4.59,4.42,5.28,4.61,3.45,2.76,8.2,10.9,7.31,5.76,4.13,4.28,6.97,6.14,4.08,7.12,7.53,7.09,4.6,6.01,5.73,2.58,4.74,7.9,6.31,8.47,9.48,4.09,4.56,4.47,2.29,5.35,5.42,3.95,7.92,2.09,5.37,4.63
2015-12-15 00:00:00,3.48,3.62,6.84,6.39,5.64,6.99,4.52,6.58,8.32,,6.1,3.86,15.06,5.29,4.65,4.79,4.62,5.61,3.59,3,8.5,10.84,8.9,5.78,4.24,4.15,6.91,5.52,4.79,6.61,9.87,7.52,4.26,6.26,5.87,2.88,4.65,6.18,6.22,7.62,8.22,4.25,4.56,4.58,2.38,6.01,5.81,4.48,7.32,2.53,5.43,4.01
2016-01-15 00:00:00,3.62,3.65,4.88,6.51,5.94,6.56,4.21,6.08,8.09,,6.37,4.14,18.26,5.41,4.29,4.47,5.01,6.75,4.03,3.08,8.46,8.3,7.64,5.72,4.4,4.58,6.06,6.3,4.41,6.5,9.6,6.44,4.25,6.22,5.34,2.48,4.36,3.84,5.61,7.09,8.61,4.83,4.83,4.69,2.45,6.08,5.14,4.79,7.38,2.47,5.76,3.95
2016-02-15 00:00:00,3.58,3.66,6.74,6.22,5.67,6.9,4.5,5.69,7.93,,6.12,4.07,16.32,5.46,4.54,4.98,4.36,6.25,3.87,2.95,8.52,8.45,7.78,5.88,4.35,4.52,6.28,6.72,4.32,6.66,8.96,6.25,4.06,6.24,5.61,2.89,4.17,2.09,5.78,6.84,8.44,4.21,4.51,4.77,2.39,6.44,5.17,4.48,7.72,2.69,5.47,3.82
2016-03-15 00:00:00,3.02,3.21,6.75,5.91,5.83,6.67,4.95,5.82,8.24,,6.29,3.56,15.51,5.46,4.74,4.81,4.86,4.29,3.53,2.41,8.51,8.54,7.43,5.57,3.89,4.28,6.1,5.92,4.32,6.75,7.97,6.9,3.76,6.2,5.7,2.14,4.1,2.17,5.76,7.23,8.4,3.58,4.5,4.28,1.88,5.97,4.96,4.39,7.47,2.59,4.96,3.68
2016-04-15 00:00:00,3,3.22,6.36,5.7,5.31,5.7,4.36,6.82,7.91,,5.73,3.55,16.33,5.51,4.94,4.52,4.44,3.44,3,2.5,8.46,7.56,7.49,5.54,3.5,4,6.02,5.79,3.77,6.22,7.9,5.14,3.46,5.88,5.33,2.13,4.25,3.12,5.8,6.75,8.77,3.22,4.1,3.83,2.08,5.68,4.93,3.78,7.38,2.17,5.07,3.65
2016-05-15 00:00:00,2.9,2.97,3.69,5.64,5.27,5.84,4.25,6.56,8.56,,5.2,3.6,17,5.44,4.45,4.22,4.07,3.39,3.42,2.57,5.78,7.35,7.25,5.75,3.6,3.72,5.53,5.17,3.27,6,7.48,5.61,3.39,5.72,5.11,1.95,5.33,3.53,5.73,8.25,8.91,3.56,4.33,3.8,2.14,5.14,5.13,4.08,7.33,2.28,3.98,3.71
2016-06-15 00:00:00,2.89,3.34,4.58,4.97,5.21,5.8,5.46,6.03,8.72,,5.3,3.65,19.11,5.46,5.49,5.13,4.44,3.31,3.05,2.5,5.55,9.8,6.13,5.98,3.7,3.85,6.03,6.63,3.35,6.11,7.14,6.53,3.5,5.55,5.09,2.13,5.58,4.05,5.77,7.99,8.76,3.58,4.78,3.68,2.16,5.1,4.97,4.31,8.16,2.4,3.45,3.66
2016-07-15 00:00:00,3.57,3.98,5.17,5.81,5.33,6.3,6.17,6.17,8.94,,5.45,4.27,18.65,5.43,6.99,5.89,4.66,3.48,4.07,3.4,5.58,13.8,6.3,6.38,4.41,3.86,7,5.18,3.67,6.52,8.24,7.74,3.93,5.56,5.15,3.03,6.76,3.82,5.59,9.17,8.91,4.46,5.2,4.42,2.98,5.02,5.61,4.16,7.76,2.3,4.64,3.6
2016-08-15 00:00:00,3.59,3.82,5.64,5.98,5.81,6.91,6.31,6.15,10.24,,5.77,4.38,18.11,5.46,7.16,6.11,4.33,3.55,3.73,3.17,5.99,12.5,6.33,6,4.19,4.48,6.36,6.78,3.97,5.8,8.21,7.78,4.29,5.7,5.2,3.76,6.46,4.57,5.73,5.79,9.22,4.24,6.01,4.36,3.02,5,5.31,4.55,7.77,2.26,4.3,3.94
2016-09-15 00:00:00,3.74,4.11,4.45,5.56,5.76,7.35,6.12,6.06,11.86,,5.28,4.49,17.68,5.41,6.07,5.9,4.96,3.69,4.06,3.36,6.09,10.34,6.06,6.05,4.21,4.5,6.12,6.08,4.08,5.88,8.06,6.95,4.54,5.29,5.26,2.87,6.43,4.85,5.66,8.65,9.16,4.37,6.12,4.49,3.15,4.93,5.14,4.46,7.33,2.33,4.61,3.93
2016-10-15 00:00:00,3.87,4.24,4.53,5.61,5.8,7.27,6.08,5.97,10.31,,6.14,4.47,17.9,4.63,5.72,5.06,4.94,3.63,4.24,3.53,5.99,10.69,7.11,6.11,4.28,4.59,6.04,5.84,4,5.21,7.58,6.42,4.72,5.56,5.26,2.91,6.07,3.13,5.75,8.56,9.01,4.48,5.09,4.7,3.22,4.96,5.13,4.41,7.2,2.52,4.64,4.27
2016-11-15 00:00:00,3.86,4.33,4.83,5.82,6.3,7.48,5.02,5.62,10.07,,5.77,4.42,18.98,4.61,5.83,5.36,4.68,4.54,4.36,4.05,8.83,9.47,8.15,5.55,4.35,4.81,6.7,5.94,4.25,5.07,9.06,7.24,4.3,5.69,5.46,2.86,5.45,3.7,5.82,8.35,8.83,4.77,4.94,4.8,2.93,5.17,5.2,4.46,7.24,2.4,5.35,4.64
2016-12-15 00:00:00,4.27,4.91,5.21,5.94,6.59,8.44,4.75,6.07,9.04,,5.6,4.93,18.72,4.51,5.22,5.28,5.15,5.27,4.57,3.89,9.38,8.97,8.41,5.63,4.65,4.7,6.97,6.17,4.51,4.6,10.11,7.29,4.86,6.11,6.12,3.45,4.95,2.36,5.72,7.75,8,5.3,4.78,5.31,3.35,5.89,5.68,4.79,7.38,2.52,5.66,4.58
2017-01-15 00:00:00,4.87,5.07,5.06,6.18,6.73,8.38,5.37,7.21,8.93,,6.13,5.48,18.66,4.52,6.12,5.82,5.22,6.75,5.14,4.52,9.33,9.49,8.23,5.77,5.15,5.47,6.88,6.54,4.73,4.36,10.13,8.11,5.57,6.91,6.66,3.96,6.87,4.22,5.25,7.79,8.06,5.78,5.2,5.76,3.84,6.03,6.02,5.38,7.19,3.11,6.32,4.18
2017-02-15 00:00:00,4.56,4.7,4.99,6.04,6.69,7.96,5.48,8.06,9.11,,6.46,5.12,19.69,4.59,6.15,6.08,5.14,6.88,4.9,4.56,9.35,9.82,8.44,5.99,4.86,5.92,7.12,6.9,5.23,4.38,10.27,8.67,5.91,7.45,6.65,3.45,6.56,3.82,5.39,7.92,8.34,5.14,5.36,5.61,3.43,5.98,5.67,5.61,7.59,3.46,5.55,4.52
2017-03-15 00:00:00,3.94,4.08,5.13,5.95,6.63,7.71,5.6,6.69,9.57,,6.51,4.29,19.22,4.52,5.87,5.69,4.69,5.08,4.34,3.59,9.27,8.52,8.17,5.89,4.42,5.28,6.95,6.81,4.81,4.47,9.13,7.07,5.02,7.49,6.34,2.66,5.85,2.93,5.43,8.01,8.39,4.46,5.01,5.03,2.81,5.87,5.34,4.67,7.35,3.16,5.34,4.37
2017-04-15 00:00:00,4.13,4.25,5.02,6.18,6.8,7.19,5.19,6.28,9.07,,5.98,4.74,18.83,4.57,6.31,7.03,5.06,4.67,4.42,3.14,9.28,11.53,8.28,6.1,4.4,4.62,6.45,6,4.33,4.61,8.88,6.81,4.61,7.85,6.35,2.89,6.54,3.21,5.29,8.68,8.67,4.83,4.57,4.93,3.34,5.7,5.04,4.87,7.52,2.9,5.82,4.24
2017-05-15 00:00:00,4.03,4.18,4.96,6.31,6.53,7.05,5.66,6.41,9.81,,6.09,4.64,19.6,4.44,6.78,6.32,5.31,4.74,4.37,3.32,6.61,10.56,8.76,6.36,4.23,4.92,6.04,6.53,4.33,5.15,7.98,7.03,4.81,7.2,6.07,2.81,8.06,3.22,5.28,8.22,8.55,4.69,5.22,4.86,3.37,5.14,4.78,5.04,7.52,2.92,4.69,3.96
2017-06-15 00:00:00,4.06,4.21,4.96,6.86,6.69,7.01,6.08,5.8,10.22,,6.07,4.67,19.1,4.59,6.7,7.93,5.51,4.01,4.48,3.74,6.48,11.91,7.1,6.4,4.44,4.84,6.02,6.5,4.44,5.48,7.14,8.37,4.88,7.78,5.97,2.95,9.21,3.39,5.39,8.99,8.43,4.83,5.2,4.94,3.51,5.04,4.68,5.41,7.38,2.85,4.74,4.24
2017-07-15 00:00:00,3.93,4.07,3.04,6.49,6.74,6.59,6.35,5.9,13.5,,5.99,4.45,18.57,4.48,7.17,7.11,5.43,3.83,4.27,3.62,6.34,11.28,7.46,6.47,4.14,5.02,6.21,6.66,4.4,5.74,7.81,7.82,4.87,8.04,6.04,2.85,8.69,3.46,5.41,10.5,8.74,4.98,5.62,4.77,3.4,5.2,4.51,4.94,7.73,2.9,4.24,4.39
2017-08-15 00:00:00,3.79,3.93,3.16,7.26,7.03,6.43,5.91,6.03,13.21,,6.36,4.6,18.87,4.47,6.44,7.98,5.18,3.76,4.18,3.55,5.42,10.67,7.26,6.73,4.19,4.8,6.24,5.7,4.32,6.03,7.58,8.19,4.95,6.82,6.07,2.82,7.85,3.13,5.5,9.36,8.74,4.56,5.64,4.66,3.19,5.12,4.47,5.22,7.42,2.85,4.54,4.35
2017-09-15 00:00:00,3.84,3.89,3.63,6.77,6.66,6.24,5.77,6.38,10.08,,6.11,4.68,19.75,4.42,5.75,7.01,5.33,3.88,4.15,3.46,5.3,11.22,7.2,6.94,4.24,4.91,6.03,6.38,4.38,5.69,7.99,8.32,4.87,6.17,6.09,3.78,8.04,2.87,5.19,9.13,8.59,4.71,6.04,4.7,3.21,5.13,4.48,4.92,7.22,2.8,4.66,4.38
2017-10-15 00:00:00,3.79,3.92,4.02,6.72,6.63,6.09,7,5.97,10.38,,6.26,4.53,21.09,4.35,5.1,5.43,5.06,4.51,4.26,3.53,5.26,10.79,5.63,6.02,4.4,4.89,6.43,6.49,4.21,5.65,7.66,8.62,5.15,6.44,5.89,2.89,7.24,3.02,5.17,9.16,8.41,4.58,5.35,4.69,3.12,5.15,4.42,4.69,7.11,3.03,4.46,4.36
2017-11-15 00:00:00,3.85,4.11,4.59,6.92,6.62,6.38,5.18,6.08,12.01,,6.2,4.38,20.83,4.02,4.99,5.34,5.12,4.94,4.26,3.41,9.29,9.25,7.77,5.96,4.05,4.86,6.96,6.55,4.28,5.48,8.92,8.05,5.3,6.71,6.02,3.12,6.42,2.94,5.28,8.95,8.45,4.54,4.61,4.95,2.98,5.45,4.4,4.64,7.34,4.07,5.54,4.25
2017-12-15 00:00:00,4.21,4.31,4.73,6.57,6.48,7.14,5.04,6.12,10.51,,5.82,4.61,22.24,4.38,4.86,4.85,5.55,5.71,4.54,3.35,9.59,9.71,8.96,5.64,4.66,5.08,6.84,7.41,4.45,5.21,10.03,8.06,5.37,7.2,6.29,3.97,6.24,3.13,5.18,8.91,8.62,5.17,4.87,5.22,3.22,6.02,4.71,5.15,7.45,4.12,5.6,4.21
2018-01-15 00:00:00,4.48,4.75,5.68,6.64,6.77,7.53,5.06,6.43,10.58,,7.36,4.42,20.32,4.25,5.17,6.38,5.53,7.19,4.46,3.74,9.71,8.13,9.64,5.76,4.82,5.24,6.83,7.02,4.9,5.48,9.62,8.39,4.89,7.38,,3.78,,3.1,5.35,8.09,8.62,6.08,4.67,5.57,3.32,6.25,5.08,5.07,7.49,3.4,5.66,4.03
2018-02-15 00:00:00,4.86,4.9,5.57,7.04,6.83,7.46,5.15,6.57,10.07,,5.87,5.19,21.71,4.14,,5.87,,6.91,,3.47,11.69,7.75,11.05,5.96,5.3,5.29,6.73,6.38,4.95,5.48,9.39,8.79,4.82,7.9,6.53,4.06,,3.29,5.39,,8.75,5.4,4.74,5.96,3.78,6.33,5,5.33,7.62,4.36,6.13,4.02
2018-03-15 00:00:00,4.02,3.93,5.29,6.99,7.09,7.43,5.22,6.57,9.88,,6.84,4.45,21.57,4.08,5.02,5.84,5.27,4.71,4.35,3.64,11.71,7.5,11.89,5.96,4.34,5.25,6.79,6.55,5.15,5.57,,8.9,4.54,8.51,5.95,2.71,6.23,2.49,5.36,8.49,10.14,4.67,4.83,5.28,2.87,6.14,4.33,5.04,7.6,3.1,5.25,4.21
2018-04-15 00:00:00,3.9,3.9,4.92,,6.61,6.35,4.88,6.52,9.59,,6.49,4.61,22.04,4.18,4.88,6.09,5.17,4.58,4.07,2.99,11.17,7.95,12.84,5.89,4.08,4.72,6.96,6.8,4.23,5.64,,6.65,3.68,7.92,6.16,2.57,6.11,1.66,5.09,8.44,,4.38,4.21,4.92,2.98,5.86,4.22,4.66,7.51,3.07,4.2,4.31
2018-05-15 00:00:00,3.81,3.9,5.54,6.5,6.55,6.08,5.45,6.95,11.06,,6.38,4.38,23.05,4.22,5.37,6.42,4.36,4.35,3.97,3.44,6.81,8.47,10.19,6.27,,4.59,5.97,6.21,3.84,5.95,10.84,6.51,,7.96,6.03,2.65,6.65,1.99,5.05,8.6,11.41,4.33,4.36,4.68,3.1,5.32,4.18,5.05,7.67,3.14,3.98,3.92
2018-06-15 00:00:00,3.78,3.89,5.34,6.5,6.7,6.09,6.55,6.91,,,5.51,,23.32,4.12,5.97,6.56,4.32,4.32,3.84,3.29,6.3,,7.37,6.75,4.49,4.63,5.63,6.19,3.82,6.33,,,,8.06,5.88,2.65,7.44,,4.93,9.36,11.46,4.39,4.76,4.45,3.22,5.19,4.14,4.91,,3.17,4.26,3.24
2018-07-15 00:00:00,3.76,3.9,6.01,6.45,7.08,6.43,6.64,6.61,,,5.93,4.38,23.04,4.2,6.99,7.39,4.45,4.3,3.88,3.14,6.41,8.97,7.15,6.2,4.48,4.8,5.8,5.65,4.2,6.14,7.86,6.82,,7.94,5.81,2.72,,2.35,5.19,9.82,11.63,4.65,5.55,4.61,3.19,4.64,4.22,5,,3.25,3.92,3.22
2018-08-15 00:00:00,3.67,3.88,5.87,,7.05,,6.24,6.37,10.79,,6.66,4.29,22.37,4.06,7.23,7.31,4.78,4.3,3.84,3.43,5.79,9.02,7.48,7.02,4.5,4.71,5.65,5.81,4.33,5.91,7.77,,3.07,7.4,5.9,2.78,,2.29,5.14,9.38,10.97,4.32,5.46,4.38,2.99,4.71,4.26,5.36,,3.15,3.98,3.5
2018-09-15 00:00:00,3.75,3.98,6,5.64,6.68,7.04,,6.15,,,,4.41,23.38,4.09,6.34,,5.36,4.57,3.99,3.16,5.78,,6.63,6.59,4.47,4.53,5.76,6.05,4.35,5.8,6.93,6.88,3.48,7.29,5.67,2.78,,2.08,5.12,9.6,11.12,4.57,5.72,4.41,3.19,4.73,4.3,4.99,,3.18,3.78,3.66
2018-10-15 00:00:00,4.04,4.06,5.96,6.01,6.68,6.11,5.19,6.39,11.53,,6.02,4.41,24.18,3.49,5.6,5.22,5.04,5.44,4.28,3.35,5.87,7.95,6.72,6.25,4.48,4.87,5.86,5.95,4.41,5,6.98,,4.24,7.04,5.91,2.9,,2.23,5.07,8.47,11.37,4.54,,4.55,3.47,4.66,4.35,5.19,7.09,3.31,4.6,4.32
2018-11-15 00:00:00,4.51,4.59,6,,6.78,6.99,4.87,6.53,11.09,,5.98,4.74,24.11,3.62,,6.17,5.8,6.58,4.46,3.57,10.63,8.43,8.69,5.95,4.8,5.13,6.28,6.17,4.51,4.79,8.92,7.15,4.2,7.24,6.29,3.85,6.4,2.59,5.05,8.29,10.57,5.34,4.63,5,3.84,5.03,4.72,4.77,6.49,4.05,5.79,3.81
