,AB,BC,MB,NB,NL,NT,NS,NU,ON,PE,QC,SK,YT,MNW,MNE,MIW,MIN,MSW,AL,AK,AZ,AR,CA,CO,CT,DE,FL,GA,HI,ID,IL,IN,IA,KS,KY,LA,ME,MD,MA,MI,MN,MS,MO,MT,NE,NV,NH,NJ,NM,NY,NC,ND,OH,OK,OR,PA,RI,SC,SD,TN,TX,UT,VT,VA,WA,WV,WI,WY
AB,0.42821891169049636,1.2990112648011625,1.976611203492588,5.071220177051084,6.024774821148248,2.069085779744431,5.276948989035697,4.28180023507915,3.9243011666327883,5.2098057570405185,4.321722299673718,1.1060078834560856,2.6012890861584403,5.257142922848303,3.302576175650767,3.485153423109409,5.246137028598812,5.521776817004644,4.214545496800022,3.5391895990055144,2.949890566123288,3.6683504586284004,2.8941379088771555,2.280303997729473,4.668275665764821,4.573117762437039,4.966547547338437,4.380594129744651,6.888947587934295,1.508822907013781,3.3295384974883095,3.6395558493908613,2.8509807595432535,2.980967255640348,3.8141414772665145,4.382126854824093,4.7480121330085145,4.516538361311528,4.770380790012757,3.694922821098413,2.5947111864302173,4.098893607582329,3.0227913053904216,1.345378796205894,2.697609970050608,2.5563207145764637,4.687589444079518,4.6154049305351155,2.833281089956068,4.632458529611596,4.522450705057773,2.1555051254252686,3.894897277053837,3.231160382967228,1.56697831928262,4.590238038502056,4.76041653888979,4.845027562879774,2.42030718855032,3.788357128346478,4.0669451333556434,1.911512394103594,4.424635645244401,4.788591941851739,1.3441935384806916,4.157479472215621,3.2093613248543424,2.1119909338447225
BC,1.2990112648011625,0.42821891169049636,2.833401213533847,5.941358211799076,6.890711026247849,2.442200013834583,6.145909118477091,5.039431891224784,4.7631714337578925,6.08043291113761,5.183507684765643,1.9762565214955496,2.336011709166637,5.516853594699356,3.2883584722432384,3.509892337311411,5.50039796138037,5.980811228220829,4.877574833098836,3.1265908768418322,2.976066846385333,4.274597970147989,2.662996333412355,2.720436328195481,5.508256991607545,5.394674526452472,5.647115121401122,5.074316643214809,6.036286947718378,1.485574216051009,4.109483806024448,4.3999354345892225,3.5726941635760174,3.5579538440484386,4.556358119888842,4.947070577614273,5.607431928262765,5.329686285484421,5.622550759861882,4.507246791223328,3.3871690090827786,4.697298885056649,3.678606235295454,1.9270150213822574,3.3825153388036555,2.4776051185380132,5.542009423499398,5.449458366982581,3.094826550196755,5.467097846681048,5.267652505688357,2.963341672799249,4.680235042351637,3.755716660955972,0.96524759943667,5.414951008571655,5.608863416906161,5.570304808787456,3.1512585960095687,4.434478786450963,4.532873827950788,2.0900654900810727,5.282707949293466,5.583470792067922,0.6768763489714499,4.932866731950072,4.00419569520133,2.6042353752899783
MB,1.976611203492588,2.833401213533847,0.42821891169049636,3.5595306026236555,4.589334291477667,2.6846913062213056,3.754338030285434,3.384697092655047,2.383990752287019,3.7062519672779883,2.778708478275382,1.3433679252490902,3.8286432275298266,4.782607343574184,3.593174857238775,3.674179226477993,4.7827933731706915,4.6463809393146365,3.012143594151586,4.809447175980705,3.2584031026031326,2.6524837363210643,3.5972218886613656,2.081192103135712,3.1250833018100184,3.049484658230026,3.685839506063858,3.1009991375697403,8.324227205689882,2.496071644030584,1.9165615170176216,2.2544901334621184,1.6668974314295792,2.17199471681877,2.4606444154107883,3.379194013961415,3.202300041922122,3.004863839181319,3.2219901252383725,2.1961284390487728,1.225931059876079,3.0502263453792056,1.9931157764816594,1.66546164256235,1.6683384694232757,3.1359325317540048,3.1393806078708564,3.0774049854342627,2.7658994585800794,3.093850432166574,3.130828760952309,0.8601116906739974,2.4435807574133164,2.4892349392234596,2.956716801227524,3.0625615390555603,3.212626856609636,3.4815599140963966,1.335754184073793,2.6630906360734787,3.3112198033062654,2.3988203288020413,2.8778677596992064,3.301704890687557,2.820973334576085,2.7179500884629864,1.7665374194786772,1.8952166040300258
NB,5.071220177051083,5.941358211799076,3.5595306026236555,0.42821891169049636,1.6321488598245577,5.044755240201809,0.6690066658832455,2.9766131454612075,1.9501612405267437,0.5951097625131194,1.3136307592848033,4.396963691696516,6.458792607601474,5.9562876136061,6.0966278970667,6.062118176256724,5.976281117712152,5.044559874215024,3.4299028244044303,7.371656052300101,5.855985380947114,3.8168916059855866,6.4218199873316975,4.700558581825244,1.549455767570791,1.875345882840857,3.3624199595450706,3.200889039582147,11.44426394545526,5.5782120519811,2.852043192462536,2.8386502758289507,3.4609019704687367,4.075721893640265,2.9130881858066866,4.071838106089512,1.083206535771436,2.006327775467963,1.264463475150275,2.376051065308891,3.2793015780205086,3.846939595797139,3.7070360923858376,4.734031773729929,3.7112460880662868,5.954021388993621,1.2403728911787675,1.6688464181804468,5.189447203137224,1.65422750149997,2.757659853281735,3.5698672508125275,2.523180384708237,4.259267694923622,6.087203386577741,1.8242887269090684,1.3531060659398955,2.9556601310594,3.6741219765146784,3.5725800777715366,4.560720390110907,5.321839171270441,1.3084763411028646,2.2110917197458364,5.948127404516379,2.525804560239713,2.82396630977852,4.601048487199225
NL,6.024774821148248,6.890711026247849,4.589334291477667,1.6321488598245577,0.42821891169049636,5.691056059861984,1.5863829195377424,3.0637471971421677,3.1499148933144543,1.4667172781450575,2.5063411172724,5.348293968924167,7.111851026952998,7.1120276223116266,7.287632696706544,7.25953208950482,7.133603694610007,6.130508618538568,4.605378446899842,7.950090255541164,7.037397450501496,5.018101706188546,7.578746824881873,5.86350030495532,2.7120647786024863,3.036326805020304,4.449265720908609,4.3617413053788985,12.473475756453285,6.650244512218029,4.047646297535378,4.042580217895756,4.643861235201444,5.273012830912398,4.11394640614286,5.239557112174936,2.270956322309288,3.170514885905402,2.428207114710439,3.5772315665905894,4.422850893363145,5.031344559547935,4.9035844727122395,5.808034164806709,4.890301279709182,7.108056152780584,2.4245103542089845,2.8337116452268742,6.3777241197891135,2.8168354372187823,3.903691906685915,4.668082893237389,3.7253600868227523,5.4621182891985205,7.100392045052621,2.984876860307312,2.510922362144172,4.053558893394871,4.826184314313167,4.770833870408419,5.752153929154361,6.447882810315376,2.512052139122952,3.3194272114553307,6.930026824631995,3.7141907192970876,4.009488594316311,5.75133534489421
NT,2.0690857797444306,2.4422000138345825,2.6846913062213056,5.044755240201809,5.691056059861984,0.42821891169049636,5.281706463378801,3.350411247921161,4.392302839393396,5.140185401863158,4.538375220953845,2.0258126131933496,1.8529004563617824,6.772739960258259,4.94185363434174,5.1194727056506935,6.765660881054167,6.8428038241661335,5.2682248083727785,2.759163242202574,4.587558799272653,4.8680558153194875,4.51020342134876,3.7849434247662086,5.058885231799067,5.085374144622826,5.93405997277015,5.353256478303881,7.666032018600224,3.1331135590823185,4.150161775744458,4.4908523085689875,3.904382185350232,4.281855994090363,4.703792682808711,5.603121347875111,4.957585410433551,5.077206638373523,5.054469025340688,4.338824489377884,3.4823659169937793,5.282290829143444,4.193747359366324,2.867794961833542,3.852265271717266,4.194438450184009,4.956666027704998,5.050337574975077,4.410558589370364,5.062213953986441,5.3446990569889365,3.0808169574767614,4.63278301873299,4.579283393563411,2.9495233652614217,5.083552296184224,5.078295992641705,5.704310922985038,3.518179104815565,4.907494216947477,5.434756264444344,3.5442194313448168,4.677624606249773,5.412307580687815,2.651508173635488,4.908060359357952,3.9898533762144655,3.592282352767528
NS,5.276948989035697,6.145909118477091,3.754338030285434,0.6690066658832454,1.5863829195377424,5.281706463378801,0.42821891169049636,3.195768972702282,2.05907492555645,0.6597040349419302,1.4508866018510296,4.605016131794667,6.694050013014196,5.956412650867411,6.20443549433554,6.160027166515716,5.977644666864985,5.001404783170283,3.4473852526698257,7.609573081043478,5.974908408637709,3.8752282240312583,6.558671573684938,4.837087241198833,1.5542703814832874,1.8781664120049948,3.316218077158161,3.2041035230784125,11.624328933666824,5.754062185685227,2.9621856934269193,2.9178447009392645,3.5848496373510224,4.1777012451649576,2.9723527574964477,4.0815642637071585,1.1291093774351773,2.012382298524326,1.271707037400651,2.4763717967910024,3.433658296953503,3.8746329161040625,3.811574542658347,4.9115063228122615,3.8380369168524826,6.093502472387431,1.276255381038082,1.675911131423429,5.302229436990386,1.6588737396981932,2.7480445155416886,3.743450529241078,2.588857808596119,4.345179222546591,6.278197384467178,1.8267202586257003,1.3531625649766938,2.9142903606950292,3.8214407099388987,3.6232757656344345,4.597729276699353,5.477553841718077,1.4125050733391142,2.1729979110702686,6.1463585761728305,2.560533740518268,2.948589917799117,4.746011077223562
NU,4.281800235079151,5.039431891224783,3.3846970926550464,2.9766131454612075,3.0637471971421677,3.3504112479211607,3.195768972702281,0.42821891169049636,3.4420649702966473,2.976415502422993,3.0762013239985397,3.7060976421324954,4.695797688555095,7.414903412660677,6.549651276993816,6.626143822621702,7.423762959122518,6.875035638822887,5.050831745937786,5.432981397834079,6.213512375002677,5.077056420260749,6.496317290475662,5.032725004086684,3.6873614607431215,3.9179180980372834,5.358122569012318,4.948418276360522,10.55349463912488,5.226838250638517,3.9407519079567903,4.173535581982025,4.225676467713499,4.903933214304891,4.367262521130638,5.648436849351291,3.3107139399869965,3.9987136875578604,3.5003845404271456,3.7241816017928677,3.775941981994497,5.3307576452875995,4.594091902031214,4.5091432966314775,4.376766011684749,6.052550008869339,3.4121033093393915,3.7593477187357776,5.708099304239099,3.7578522540788346,4.653281273350245,3.7178907696698205,4.048850201658767,5.2026249952613375,5.416811017881422,3.883257739871244,3.573902658324235,4.976807615642912,4.1231346672618745,4.937897274635157,5.872064698572115,5.301038302744715,3.2166172591530846,4.334087474875246,5.166441138816532,4.235629048001154,3.7973158177940523,4.850629502443081
ON,3.9243011666327883,4.7631714337578925,2.383990752287019,1.9501612405267437,3.1499148933144543,4.3923028393933965,2.05907492555645,3.4420649702966464,0.42821891169049636,2.1170413671437576,1.07481990211104,3.2976724367328965,5.696347962740378,4.604865975503691,4.576945826603905,4.5401786863692895,4.620525214150536,3.8897875544574245,2.0963351077826737,6.66840060236871,4.344062018513214,2.342035138341665,4.934925195536624,3.215835708856525,1.1733065042136828,1.1219523964558167,2.3487578846350616,1.9496364535625983,10.076248702286318,4.220269783084085,1.33214252555665,1.3413655055640037,1.9561952843822723,2.5538787230782063,1.4632928863095964,2.734175107210277,1.3760041172504385,1.1196303042629074,1.3212826550073435,0.8563338175991173,1.86414593415824,2.4549921702458306,2.185506389411831,3.395969161838816,2.210620409060722,4.472887799021609,1.2614282729792923,1.1219041366537776,3.6723454841409984,1.1381407595133357,1.6432333093830853,2.241539432422894,1.0822742276449762,2.7421857157571945,4.807193382685746,1.1238729105223337,1.2890462613919678,1.982090154697075,2.224385306556733,2.1211593990249504,3.1237471952576827,3.885375928805595,1.0755178242550454,1.4693053193193286,4.719719272942658,1.2243223281214153,1.3230617343610276,3.1367131782457105
PE,5.209805757040519,6.080432911137612,3.7062519672779883,0.5951097625131192,1.4667172781450575,5.140185401863158,0.6597040349419305,2.9764155024229932,2.1170413671437576,0.42821891169049636,1.479997837920882,4.534159554765104,6.558440990209496,6.108303191038935,6.263414852315803,6.22900047430154,6.128649531815146,5.181655481514542,3.585571854507098,7.462668478612285,6.022253185174296,3.980589622314823,6.586120363383955,4.8651455675127195,1.698455843098686,2.0249784210731576,3.497395259398399,3.3526364109299545,11.596041351635607,5.732751696670364,3.0189028435125236,3.00435858039919,3.6270645707771547,4.242611975800454,3.076556574771086,4.22587617709208,1.2395848041746877,2.157240065155532,1.412337039871035,2.542834015072624,3.4411783876750768,4.005192051612855,3.873924685570583,4.888237534098856,3.8771277596363514,6.117975451200428,1.3958148630854155,1.8190199543879102,5.3560924128755705,1.80364010545966,2.905149230437972,3.726133733380968,2.687278342196176,4.425708319059143,6.234699835717065,1.9736528640292403,1.4994898819074083,3.092168896538327,3.8372380695767268,3.7350618181104305,4.721127801980965,5.482673872566148,1.4748519415757104,2.347717910320951,6.091477452994442,2.6846555853541707,2.990223759558898,4.76431556656811
QC,4.321722299673718,5.183507684765643,2.7787084782753824,1.3136307592848033,2.5063411172724,4.538375220953845,1.4508866018510298,3.0762013239985393,1.0748199021110398,1.479997837920882,0.42821891169049636,3.6618790615816312,5.910044049061749,5.203584241770799,5.212527154966983,5.181479768264921,5.22090092646078,4.405571256093789,2.6721000777828685,6.8607635014538575,4.970574270908914,2.97924632569396,5.54068627754136,3.81890809197436,1.0489201483887725,1.2755694175200858,2.775523475001234,2.482880429284736,10.61205086017348,4.741099155524061,1.96966850640231,1.9831938379378546,2.5755459280043627,3.1949066685015177,2.085677930822681,3.318547272694467,0.8602034130120133,1.3707091313049675,0.9486212557139801,1.502886231182204,2.4112721525333707,3.0603800903797183,2.82554392963792,3.9012648707491597,2.8262466556398427,5.074150636092006,0.8490653445427719,1.1116792266911115,4.304555601095763,1.1109690217632724,2.09395533406925,2.7317068486101364,1.694184718245477,3.3885152859983414,5.284448417752795,1.2377836807657652,0.9883389402119076,2.374706813616554,2.7990995093992117,2.748972213603036,3.749788207945726,4.4549882696979966,0.5797162586519067,1.689975493286504,5.1675578194138865,1.7601693609572926,1.938563910987541,3.724392560373049
SK,1.1060078834560856,1.9762565214955496,1.3433679252490902,4.396963691696516,5.3482939689241675,2.0258126131933496,4.605016131794666,3.7060976421324954,3.297672436732896,4.534159554765104,3.6618790615816312,0.42821891169049636,2.9690063331170515,5.180731787793187,3.5164805055380866,3.6604260205717067,5.174546791141579,5.266484120492865,3.788738096712931,3.9455597885927935,3.158175025385894,3.3187607101556984,3.276016258666417,2.2090348467925662,4.036613726185411,3.964505124162245,4.508749580809208,3.9185828691532123,7.560623800156318,1.9516605023393356,2.7879723476655487,3.1160108621639955,2.401376557131513,2.696414715788825,3.3087634444272003,4.052686987384917,4.090843275329971,3.918385319358547,4.122877191826716,3.1052627167294586,2.0575378213989413,3.7435519456832718,2.6459912704684703,1.352661216359127,2.3040951252897313,2.8693497831823223,4.037312903888692,3.9913280194620087,2.8663382930674546,4.007581082086774,4.0020856860624665,1.6150708357263157,3.3365726439390326,2.9873134167130506,2.207407606062194,3.9777105507909174,4.117749103552946,4.342133390624767,1.9839784388431612,3.391926814852262,3.843250177689925,2.1335163009499043,3.7699429340520676,4.2097363729580035,2.012378100596475,3.607522012857197,2.6506663032556745,2.0113565863762863
YT,2.60128908615844,2.3360117091666366,3.8286432275298266,6.458792607601475,7.111851026952999,1.8529004563617824,6.694050013014196,4.695797688555095,5.696347962740378,6.558440990209496,5.910044049061749,2.969006333117051,0.42821891169049636,7.3702956701775335,5.19568107941275,5.415356493719848,7.356293660060171,7.69476987122833,6.324802574835698,1.4090228750056144,4.878826549724796,5.819781239056393,4.551605490696887,4.439771208550609,6.396800351431004,6.387809958512995,7.049536834126808,6.45936932019155,6.508112075318388,3.3643366928105896,5.312735643113771,5.646680071054929,4.938422968413195,5.147579527893477,5.844744587177693,6.543193979903838,6.336237608542359,6.363452681231171,6.418627402278564,5.580804085014376,4.591975274358287,6.249716645914814,5.158299622134499,3.5160924629895316,4.8216560778389,4.385294047732187,6.322917236946399,6.375784139870051,4.929552797278732,6.3893197132230215,6.528939755695933,4.153183970469257,5.843037523573651,5.403701819291901,2.8438065598546425,6.391963150332196,6.434931451039456,6.875207911395531,4.514819800894578,5.917211340359107,6.239361605701743,3.9367998058178477,6.043586775640281,6.681050163982794,2.582320515623018,6.11795636896997,5.166379033977652,4.280171535069803
MNW,5.257142922848301,5.516853594699356,4.782607343574184,5.956287613606102,7.1120276223116266,6.772739960258258,5.956412650867411,7.414903412660679,4.6048659755036905,6.108303191038935,5.203584241770799,5.180731787793186,7.3702956701775335,0.42821891169049636,2.8315355889333103,2.5902049122355573,0.46169360395701464,1.6933572450455248,2.9628773670737174,8.215050207834228,3.04390997487266,2.768702343492179,3.6573374023259904,3.423095482978366,4.8382856885175345,4.511784140756935,3.150415499900941,3.183903679505664,8.309026831002209,4.459699801684481,3.9130967611621155,3.7283563475416086,3.656611461404424,3.041644875882111,3.572545546495521,2.3163085402556165,5.301667806663469,4.379282044263753,5.124440179623062,4.219984902917953,4.136867201881902,2.578106532281193,3.2859221005331394,4.359979879737126,3.564943001649891,3.574319792110834,5.1443674753015705,4.717519517923174,2.869118875745447,4.733050252196275,3.6367194541527494,4.35550054457845,3.951756101198442,2.72400931444273,5.098150387741361,4.5631866343876295,5.038164494017998,3.5145887779934237,3.8818259593589906,2.9349233387978737,1.9712138984873424,3.865671960821045,5.135849740423488,4.22654805844565,5.290667958095665,3.8769766116813558,4.048775751350709,3.611071138444685
MNE,3.302576175650767,3.2883584722432384,3.593174857238775,6.096627897066699,7.287632696706544,4.941853634341738,6.20443549433554,6.549651276993816,4.576945826603904,6.263414852315803,5.212527154966981,3.516480505538086,5.195681079412749,2.8315355889333107,0.42821891169049636,0.6703777115621933,2.8074551682688793,3.6871883125319806,3.5520978126815206,5.948089247729049,0.7869895879124975,2.9113669346213973,1.2576880320686474,1.954993410958789,5.161289819229642,4.88896981036141,4.215658319208148,3.8397710879069464,6.3900051873203925,2.286864392105045,3.673293380558921,3.735078879441837,3.074742052461104,2.456059402660451,3.7326876098317334,3.192999146253094,5.508796442144107,4.76621867169585,5.40574371102819,4.156296010834283,3.3667955652933514,3.1480690277244467,2.8210800031218044,2.5929325062054414,2.834517460241429,1.2396518410634232,5.3735128833825,5.051240415490514,1.3402640858163417,5.071234932795802,4.257573132451628,3.285572588363273,4.080362590805808,2.329303476435843,2.8030601246656257,4.933456221335519,5.3439386315017305,4.380042660607978,2.963131571562394,3.179364043736579,2.545808766348784,1.831209441966826,5.223843909214625,4.822777790828882,3.0438105505216524,4.194079358800636,3.7065930263146214,2.128835733360786
MIW,3.4851534231094083,3.5098923373114106,3.674179226477993,6.062118176256723,7.2595320895048205,5.1194727056506935,6.160027166515716,6.626143822621703,4.5401786863692895,6.22900047430154,5.181479768264921,3.660426020571707,5.415356493719848,2.5902049122355573,0.6703777115621931,0.42821891169049636,2.565930450631474,3.4675512260925143,3.430498018092215,6.178921935916172,0.9696716410235184,2.8086928180647766,1.4965670995295153,2.021920763923663,5.097521260697608,4.815929138554728,4.068340878056535,3.7199413802825334,6.558666478500041,2.4935034748212774,3.6401065921606257,3.6765945348021285,3.0631305577226264,2.4148536401545226,3.658080626087859,3.034551781968273,5.4611105979605465,4.690314588978925,5.349316384915999,4.115327151174126,3.3883134388669474,3.014188372970228,2.7841676648347224,2.7364183591607434,2.8325605763789437,1.4671962761403976,5.321940605783739,4.984879679836977,1.3564586426521468,5.004712032374222,4.1502150107932705,3.3438804116819023,4.017540693586505,2.253398597617936,3.032425621152142,4.861764279658498,5.284284084234483,4.252807637138921,2.9914324162137977,3.0780165130588295,2.3794819373900014,2.0035374325886295,5.184753618544305,4.727524326199552,3.2670364105100256,4.114633594941487,3.685884103274218,2.208237378616445
MIN,5.246137028598812,5.50039796138037,4.782793373170692,5.976281117712152,7.133603694610005,6.765660881054167,5.977644666864986,7.423762959122518,4.620525214150536,6.128649531815146,5.220900926460781,5.174546791141579,7.356293660060171,0.46169360395701464,2.8074551682688793,2.565930450631474,0.42821891169049636,1.7259090829179635,2.9812708472257508,8.19871694701214,3.0227161555807704,2.779013190075718,3.632572275192057,3.4144114019194824,4.858785195642255,4.532318937997056,3.1760453286185184,3.2042495822750383,8.276152260884803,4.443408909214166,3.9239294075907534,3.741900328762383,3.661601830610862,3.0429320811661107,3.587603130502897,2.3350297112124516,5.321549868983423,4.399659614174656,5.144924181254892,4.234190144647497,4.141128891849099,2.593793161070647,3.290638546576083,4.350462574311483,3.5673819770344863,3.553204919184408,5.164264395533874,4.737928222111957,2.855543557954519,4.753541389080799,3.658157169561217,4.3562434262092635,3.9677160373744744,2.725399501322459,5.079610632246661,4.583740229353915,5.058798699960367,3.5387582270465283,3.88303833049355,2.9479978226018044,1.9799344624545028,3.8506510985770874,5.154024582852261,4.24913151496368,5.273575629166862,3.8951948039731437,4.058675850108998,3.603143434466824
MSW,5.521776817004644,5.980811228220829,4.646380939314637,5.044559874215023,6.130508618538568,6.842803824166134,5.001404783170283,6.875035638822887,3.8897875544574245,5.181655481514542,4.405571256093789,5.266484120492865,7.69476987122833,1.6933572450455248,3.6871883125319806,3.467551226092514,1.7259090829179637,0.42821891169049636,2.254346707419973,8.617125104967743,3.788037621580493,2.422451924201134,4.498590085432979,3.702203419783162,3.933071351046537,3.615251747404674,2.1134403994436672,2.368586963937441,9.470176485684789,4.954049220466072,3.4222845803473483,3.144710867962451,3.4110657336151933,2.999554775566127,2.940833356860957,1.7104781987244406,4.40717651439017,3.4933385237482506,4.212336326813657,3.57907648204739,3.8830586192127083,2.0460272576494867,3.0866895632757836,4.6077111674554025,3.424069144859058,4.285963896335166,4.253143660247842,3.8191737600506093,3.369312371233495,3.831177995422458,2.7433136716966855,4.221042286897876,3.257682012060438,2.7231807622176585,5.654743590563803,3.6642533104906794,4.122720301599702,2.5177238927195296,3.7610414881758083,2.452064450246655,1.885512767566114,4.342010402418906,4.308060239631789,3.2623465939941454,5.785816205541344,3.098206720306308,3.584896545532818,3.847923629313906
AL,4.214545496800022,4.877574833098836,3.0121435941515857,3.4299028244044303,4.605378446899842,5.26822480837278,3.4473852526698257,5.050831745937787,2.0963351077826737,3.585571854507098,2.6721000777828685,3.788738096712931,6.324802574835698,2.9628773670737174,3.552097812681521,3.430498018092215,2.981270847225751,2.2543467074199723,0.42821891169049636,7.294980161673144,3.4444050141387805,1.1027266157323539,4.16231829959431,2.696831497499621,2.3215553113138987,1.9978178104019524,1.2024052893342678,0.7181385389310033,9.468498183311178,4.0033607923071335,1.6255130058020772,1.3237329031563292,1.8155895882373358,1.7926516644852761,1.1150654175815047,1.075141255049202,2.775091581718468,1.8633971249447139,2.606142262878971,1.7565218318253575,2.2145414279440736,0.8712474128482313,1.628657748250006,3.3814559510581654,1.9451648759328097,3.774916951587311,2.618242422117749,2.1999166866868447,2.7868652161672176,2.2167662078552084,1.1745138564084816,2.6246820353639944,1.4466320963986075,1.7245274702322215,4.708117721068128,2.0491789547878665,2.522692084623898,1.2587281451659118,2.2385938177463998,0.8778315335241023,1.603266132212116,3.465496787519715,2.601258922210436,1.7826356048168959,4.741379883865691,1.342421304483959,1.7934764262982017,2.747671961537131
AK,3.5391895990055144,3.1265908768418322,4.809447175980705,7.3716560523001,7.950090255541164,2.759163242202574,7.609573081043478,5.432981397834079,6.66840060236871,7.462668478612285,6.8607635014538575,3.945559788592793,1.4090228750056144,8.215050207834228,5.948089247729049,6.178921935916174,8.19871694701214,8.617125104967743,7.294980161673144,0.42821891169049636,5.656005439352252,6.775570144408444,5.233966460652048,5.34598445609228,7.361522845642525,7.360964209704059,8.02512849126561,7.434948998342622,6.192281557995252,4.183570632402423,6.293198511385303,6.626708095125975,5.910471646196769,6.091881300850699,6.823880239183775,7.492866862404743,7.283413276723743,7.33915331409453,7.373474589303012,6.560138374508225,5.571141354769045,7.206122120870487,6.120052574601721,4.442382297535903,5.786178837964679,5.1399622046701605,7.2766987703294115,7.343968939449629,5.786423019092176,7.357091648010008,7.509456726553509,5.131300918992652,6.823739861574415,6.336781651236887,3.574938081753164,7.36399515972552,7.393060670137314,7.855093493125112,5.484666086677016,6.882130437640153,7.159841922160107,4.782227530287661,6.997249121984656,7.659076010999896,3.3566359330767654,7.098711628439621,6.147141022708153,5.197581262367639
AZ,2.949890566123288,2.9760668463853324,3.2584031026031326,5.855985380947114,7.037397450501496,4.587558799272655,5.97490840863771,6.213512375002676,4.344062018513213,6.022253185174296,4.970574270908914,3.1581750253858933,4.878826549724796,3.0439099748726597,0.786989587912498,0.9696716410235187,3.0227161555807713,3.788037621580493,3.444405014138781,5.656005439352252,0.42821891169049636,2.7821768049478326,1.1684845901935268,1.6417941986642093,4.958937851175152,4.699957431793515,4.146255997367125,3.7264403757884894,6.454665764849277,1.952519599097891,3.441504538068074,3.53401155591793,2.823521089588278,2.24936595703479,3.5530750479130435,3.1543724410002527,5.285190770908654,4.581651232918216,5.193176686065597,3.9305574788606146,3.079266915393094,3.0657776557632377,2.6026119984847904,2.235038678289909,2.5753463103408074,0.9587423398404107,5.15507520918718,4.8526965431762275,1.112459740512009,4.872816681292011,4.121353616997423,2.967297906835851,3.8823919138554985,2.1727370526182836,2.510634017858978,4.742440321538876,5.135640489775687,4.274685556992527,2.6721867490102915,3.044224934752923,2.533547678381471,1.4739225102702642,4.991055692809493,4.6650897808949505,2.73533108968357,4.0176521397507035,3.460250459673991,1.8030875135330753
AR,3.668350458628401,4.2745979701479895,2.6524837363210643,3.8168916059855866,5.018101706188546,4.8680558153194875,3.8752282240312583,5.077056420260748,2.3420351383416644,3.980589622314823,2.97924632569396,3.3187607101556984,5.819781239056393,2.7687023434921794,2.9113669346213973,2.8086928180647766,2.779013190075718,2.422451924201134,1.1027266157323536,6.775570144408444,2.7821768049478326,0.42821891169049636,3.4930891324584366,2.0420136840706284,2.7675746670699657,2.465526256743837,1.8590287915458539,1.3753864617637082,8.80038561257368,3.360085028388051,1.5738187930847582,1.4301408101855206,1.417320792276983,1.1480131914675316,1.3323788879164573,1.1637612330105935,3.17762510263222,2.334839274025358,3.03764505487036,1.9266369158792696,1.8943625317529862,0.8588286883410818,1.1031944226574029,2.7945797399386865,1.4457334403853395,3.1009317569130936,3.027312062638326,2.6493267043949236,2.116771706332614,2.668419597332172,1.774497620623321,2.2290278551968963,1.7222066065298174,1.0503015983789317,4.0710758943901055,2.5140294433960415,2.9635831424877197,1.92609151915789,1.7780987970371274,0.6975652960790883,1.2319945884568797,2.805685486854419,2.9443194142243656,2.347453982307538,4.123498102001053,1.7588433610144558,1.7086343131128503,2.1121725345286104
CA,2.894137908877156,2.6629963334123548,3.5972218886613656,6.4218199873316975,7.578746824881873,4.510203421348759,6.558671573684936,6.496317290475663,4.934925195536624,6.586120363383955,5.5406862775413614,3.2760162586664174,4.551605490696887,3.6573374023259904,1.2576880320686474,1.4965670995295153,3.632572275192057,4.498590085432979,4.162318299594309,5.233966460652048,1.1684845901935268,3.4930891324584366,0.42821891169049636,2.1500265037908703,5.587931617217966,5.346619627928524,4.877189299783069,4.440184934615027,5.735542021425109,1.81353967332088,4.045062450891165,4.1768255562001695,3.408143214281946,2.9077400625359138,4.218619950429757,3.8933171513721474,5.882551647261504,5.234006130399118,5.807108002141293,4.536653219702574,3.584392338697093,3.7955261215046323,3.239312258985228,2.4155227677941467,3.152968813653909,0.9001988251076045,5.760963659159928,5.487135919109097,1.8045481420591811,5.507277765958854,4.819125109908483,3.3853558383584352,4.525183392224541,2.874552206819176,2.137604285177847,5.386542517637148,5.755746921957395,4.9905266863034115,3.1809902559065186,3.749471093864745,3.2736103512723864,1.6290726214609499,5.5762816583398,5.343255720448718,2.4146221918257087,4.682388112370991,4.0405229373129625,2.2560243935063142
CO,2.280303997729473,2.72043632819548,2.081192103135712,4.700558581825243,5.86350030495532,3.784943424766209,4.837087241198833,5.032725004086686,3.215835708856524,4.8651455675127195,3.8189080919743605,2.209034846792567,4.43977120855061,3.4230954829783666,1.9549934109587892,2.021920763923663,3.4144114019194824,3.702203419783162,2.6968314974996206,5.34598445609228,1.6417941986642097,2.0420136840706284,2.1500265037908703,0.42821891169049636,3.885029374906647,3.6614164678554566,3.467455082769034,2.938640194239347,7.353360687982986,1.7505635549019543,2.334999693294434,2.501228425978813,1.6939749150748182,1.3325847046616792,2.5784183997560315,2.6672663611858165,4.163596599758015,3.5565510093997528,4.0943246589711215,2.824740818489041,1.8771218561481073,2.443658018399667,1.5847182000469517,1.3686453688114104,1.4384973208179843,1.6853580823364616,4.044876225772105,3.789057999657599,1.119800088668191,3.8091045905963865,3.241991202654403,1.758801793533347,2.844056318753775,1.4725724794273816,2.46507950771417,3.698261931001071,4.046365670587548,3.4785220519064324,1.4696275551969067,2.248428815260729,2.2467780293124986,1.1983946458739394,3.855297173495124,3.706033464835482,2.543995536194038,3.0306308930990298,2.3209929189327587,0.6292435993119663
CT,4.6682756657648214,5.508256991607547,3.125083301810019,1.5494557675707912,2.7120647786024863,5.058885231799067,1.5542703814832874,3.6873614607431215,1.1733065042136825,1.6984558430986858,1.0489201483887718,4.036613726185411,6.396800351431004,4.838285688517534,5.161289819229642,5.097521260697608,4.858785195642255,3.933071351046537,2.3215553113138987,7.361522845642524,4.958937851175152,2.767574667069965,5.587931617217966,3.885029374906647,0.42821891169049636,0.7547495988222548,2.2598272829433923,2.08280693479451,10.786425053653623,4.947807298680669,1.9789835622170158,1.8550177771492211,2.6204550325624947,3.139422467506389,1.8736919933276326,2.957957033094713,0.9023488326507267,0.8876554944442567,0.7143782253247029,1.4943783729542004,2.5945483212699902,2.748958584024593,2.7855118585341607,4.131370004568252,2.8752838116272947,5.135136771327211,0.7492955082732731,0.5498679265509367,4.276689932817304,0.5334673020847708,1.6364359922004819,2.984098372827067,1.5092637471297938,3.272590548857975,5.546699563309453,0.7034194653324941,0.6293615700050136,1.8514877053539247,2.9344942714631297,2.5096169059224565,3.4738635708885766,4.585318454864976,0.9014341812147826,1.1177652882706333,5.463567984860911,1.4407547656483106,2.015783741755345,3.8251841778148363
DE,4.573117762437039,5.394674526452472,3.0494846582300257,1.8753458828408571,3.036326805020305,5.085374144622826,1.8781664120049952,3.9179180980372834,1.1219523964558165,2.024978421073158,1.2755694175200858,3.964505124162245,6.387809958512995,4.511784140756934,4.88896981036141,4.815929138554728,4.532318937997058,3.6152517474046744,1.9978178104019524,7.360964209704059,4.699957431793515,2.465526256743838,5.346619627928525,3.6614164678554566,0.7547495988222546,0.42821891169049636,1.951081425152554,1.7564092509549987,10.581884018486612,4.776539002573973,1.7736045670135367,1.5981184520304863,2.4074963007269656,2.879110654543801,1.586124663749358,2.6322282860065376,1.224602864179593,0.5627712808275696,1.040905248204268,1.3197600615467902,2.4452793363472964,2.4282376142414432,2.535746358221186,3.9782396735137033,2.6584591423472363,4.900942993915692,1.0683751727265398,0.634778535910136,4.0159372833716125,0.6495639138076126,1.311254524919456,2.859575714793685,1.2496690159179373,2.991708283802947,5.399140319917257,0.47970772746541795,0.9548833177146978,1.5441274960415787,2.7539512572071607,2.2034714808534956,3.1558168748305353,4.382253755691363,1.1486407805730883,0.8444152867533004,5.334293296859547,1.1350057974521572,1.8394918169339969,3.616274547617371
FL,4.966547547338437,5.647115121401122,3.6858395060638585,3.3624199595450706,4.449265720908609,5.93405997277015,3.316218077158161,5.358122569012317,2.3487578846350616,3.497395259398399,2.775523475001234,4.508749580809207,7.049536834126809,3.15041549990094,4.215658319208148,4.068340878056534,3.1760453286185184,2.1134403994436677,1.2024052893342678,8.02512849126561,4.146255997367125,1.8590287915458537,4.87718929978307,3.467455082769034,2.2598272829433927,1.9510814251525541,0.42821891169049636,1.0184134822908395,10.168878572871849,4.777091674135034,2.2150440850469013,1.8752531458590342,2.5477426788735387,2.564348965561579,1.659144791260716,1.4729966980813824,2.732381237579068,1.8381375593681486,2.534234310094537,2.149647153287242,2.8956735895546895,1.5099702869902227,2.3967512730862612,4.149282649438677,2.7021789936124914,4.510248059844016,2.5809033503385024,2.150181204422512,3.5114343617295583,2.1605904656043062,1.1338161280945174,3.327151703269401,1.8124613753284198,2.471457821492808,5.482296392169244,1.9978916216676115,2.444452323363012,0.8365707185106208,2.9776191024592444,1.6517324512411338,2.1314024414443664,4.234466274009983,2.6632388873386446,1.579651833026947,5.51402818360375,1.57318102519408,2.379275057316693,3.5216793802586546
GA,4.380594129744651,5.074316643214809,3.1009991375697408,3.200889039582147,4.361741305378899,5.35325647830388,3.2041035230784125,4.948418276360522,1.949636453562598,3.3526364109299553,2.4828804292847364,3.918582869153212,6.459369320191551,3.183903679505664,3.8397710879069464,3.7199413802825334,3.2042495822750383,2.3685869639374415,0.7181385389310033,7.434948998342622,3.7264403757884894,1.3753864617637082,4.440184934615027,2.938640194239347,2.08280693479451,1.7564092509549993,1.0184134822908397,0.42821891169049636,9.747416731013963,4.231000676815815,1.6455112074644553,1.3116882246201025,1.9593677650031385,2.0361758134496433,1.0909928838787746,1.3070989103595951,2.546661517272721,1.623629442844414,2.368923601439099,1.6637869069884208,2.3081423875903657,1.1550641681007676,1.8294251478026702,3.57552057001539,2.122176707783445,4.0458501341073205,2.3893519258979055,1.9618986448971125,3.0638992178244355,1.9775589894377827,0.8976725263532064,2.737618879451367,1.3299527209385373,1.9962074827708565,4.929100058027513,1.8078578888205448,2.2830207494502677,0.9792150888213196,2.3897836486010844,1.1269912073849688,1.88205533155174,3.7088107116133466,2.3987063617485083,1.5077648374897374,4.948435280862461,1.1590145058513832,1.812879834041857,2.9754494850194777
HI,6.888947587934295,6.036286947718378,8.324227205689882,11.44426394545526,12.473475756453285,7.666032018600224,11.624328933666824,10.55349463912488,10.076248702286318,11.596041351635607,10.61205086017348,7.560623800156318,6.508112075318388,8.309026831002207,6.390005187320393,6.558666478500041,8.276152260884803,9.470176485684789,9.468498183311178,6.192281557995252,6.454665764849277,8.800385612573681,5.73554202142511,7.353360687982986,10.786425053653623,10.581884018486612,10.168878572871849,9.747416731013963,0.42821891169049636,6.299288396844723,9.24129859311955,9.426366110994987,8.603089875006784,8.194718903949116,9.495207895595708,9.154609294521526,11.005199930107583,10.480284288250227,10.969263073169623,9.7204307324301,8.643980818762929,9.09084968869541,8.50160073239244,7.141049303901047,8.35165114746722,6.14416332421526,10.906738378474076,10.698122300895388,7.111869184500446,10.717910615361488,10.121450300138264,8.30969597096085,9.76823202362858,8.181528800190469,5.801762663231018,10.616776167516267,10.932384655191033,10.2975345121868,8.282743119234405,9.05627447404836,8.50626242054859,6.630188831143649,10.681508481352502,10.62512554506078,5.976466455114608,9.953058949735485,9.19933319590263,7.394220935075316
ID,1.5088229070137824,1.485574216051009,2.496071644030584,5.5782120519811,6.650244512218028,3.1331135590823185,5.754062185685227,5.226838250638517,4.220269783084085,5.7327516966703636,4.741099155524061,1.9516605023393359,3.3643366928105896,4.459699801684481,2.2868643921050453,2.4935034748212774,4.443408909214166,4.954049220466072,4.003360792307133,4.183570632402423,1.9525195990978907,3.360085028388051,1.8135396733208795,1.7505635549019543,4.947807298680669,4.776539002573971,4.777091674135034,4.231000676815815,6.299288396844723,0.42821891169049636,3.435325105039745,3.6759030728139788,2.8252126854748623,2.6431380537461697,3.7958173368342893,3.985551621787055,5.137783567153891,4.6899841979263766,5.111741311773868,3.891285525491888,2.7844178873852314,3.765823153172157,2.8372980941086707,1.2729221239661146,2.595079529986593,1.4992940975962687,5.044725071882846,4.869181976698494,2.0414002858475637,4.888392627393671,4.491934880263846,2.438864363003325,3.9945596146585913,2.7927376383591667,1.143691051336529,4.805614986011637,5.080776779002349,4.7581367964959105,2.450906333185022,3.553761361558007,3.5209807319524016,1.041289994691957,4.812895920927064,4.893446655727973,1.2668849829301536,4.219110580713357,3.367493507820019,1.6844309965005935
IL,3.329538497488309,4.109483806024448,1.9165615170176218,2.8520431924625362,4.047646297535378,4.150161775744458,2.9621856934269193,3.9407519079567903,1.33214252555665,3.0189028435125236,1.96966850640231,2.787972347665549,5.312735643113771,3.9130967611621164,3.673293380558921,3.6401065921606257,3.9239294075907534,3.4222845803473487,1.6255130058020772,6.293198511385303,3.4415045380680738,1.5738187930847582,4.045062450891164,2.3349996932944337,1.9789835622170158,1.7736045670135367,2.2150440850469004,1.645511207464455,9.24129859311955,3.4353251050397446,0.42821891169049636,0.7689107905700259,1.069712745905327,1.6537360535731558,0.9848176495802188,2.1548666119251636,2.2724425715396386,1.6830067506694106,2.190265553810531,0.9199156042616203,1.1644592779870058,1.8271208094346645,1.2841696088959809,2.6533094911002,1.3248011326049534,3.5880491993272967,2.145653667265085,1.8859442038439622,2.7684954384697105,1.9058532709919287,1.644510923977437,1.6083989726844512,0.9992174807657577,1.8635175968416606,4.072812118681243,1.8058521858590835,2.140092087756797,1.993217321301209,1.4141982349667035,1.4271344096348875,2.3770846304594335,3.039529660399001,1.9793947244758179,1.9043788909218355,4.02793938433407,1.2561728320471435,0.5969808818610334,2.2760727558864216
IN,3.6395558493908613,4.3999354345892225,2.2544901334621184,2.8386502758289507,4.042580217895756,4.490852308568988,2.9178447009392645,4.173535581982025,1.3413655055640037,3.0043585803991895,1.9831938379378546,3.1160108621639955,5.646680071054929,3.7283563475416086,3.735078879441837,3.6765945348021285,3.741900328762383,3.1447108679624516,1.3237329031563294,6.626708095125975,3.5340115559179295,1.4301408101855206,4.1768255562001695,2.501228425978813,1.8550177771492211,1.5981184520304863,1.8752531458590345,1.311688224620103,9.426366110994987,3.6759030728139783,0.7689107905700254,0.42821891169049636,1.2789776332661391,1.7132400944090431,0.6491104825946649,1.9035520656801583,2.217078522583763,1.4865652019871398,2.1010278311922543,0.9258009370058399,1.4869112577653312,1.5924880455697148,1.3658474194099977,2.923586628616823,1.515531897645571,3.732739636860581,2.074761654391145,1.7470946839874835,2.8508871360036974,1.7671972080565879,1.3149789914288343,1.930972781137183,0.7770765573034656,1.8560001805862067,4.334269427662331,1.6387566672586718,2.0373582929017733,1.656844093496633,1.6798692219120321,1.2230712132685917,2.220626170438345,3.239162715519544,1.9593493645370998,1.6468747517547364,4.306444793259569,0.9714784852064975,0.932323966373491,2.47136480616177
IA,2.8509807595432535,3.5726941635760174,1.6668974314295792,3.460901970468737,4.643861235201444,3.904382185350232,3.5848496373510224,4.225676467713499,1.9561952843822723,3.6270645707771547,2.5755459280043627,2.401376557131513,4.938422968413195,3.6566114614044247,3.074742052461104,3.0631305577226255,3.661601830610862,3.411065733615193,1.8155895882373356,5.91047164619677,2.823521089588279,1.4173207922769828,3.4081432142819454,1.6939749150748178,2.6204550325624947,2.4074963007269647,2.547742678873538,1.9593677650031387,8.603089875006784,2.8252126854748623,1.069712745905327,1.2789776332661391,0.42821891169049636,1.1213786763985762,1.4138552531931874,2.1405466929191763,2.9031646370735706,2.3097129907611484,2.82901733206561,1.559015835305616,0.9137666877222028,1.811955502260574,0.7998639380330519,2.0830523913241663,0.6838261174107456,2.9486855721452994,2.78117465778133,2.5265688656742,2.163211170869194,2.5465329661849623,2.124021544260284,1.252066849986592,1.6028819751353285,1.4062865858283893,3.486145871514579,2.4419207273110333,2.780609729815549,2.4289845623610944,0.858943037076091,1.4314369764923658,2.130467581602429,2.4031292132021513,2.600669438987516,2.4967097162452463,3.467693465251415,1.8222346430489125,1.06534109766344,1.6371129185333064
KS,2.980967255640349,3.5579538440484386,2.17199471681877,4.075721893640265,5.273012830912398,4.281855994090363,4.1777012451649576,4.903933214304891,2.5538787230782063,4.242611975800454,3.1949066685015177,2.696414715788825,5.147579527893477,3.04164487588211,2.456059402660451,2.414853640154523,3.0429320811661107,2.999554775566128,1.7926516644852761,6.091881300850699,2.24936595703479,1.1480131914675313,2.9077400625359138,1.3325847046616792,3.139422467506389,2.879110654543801,2.564348965561579,2.0361758134496433,8.194718903949116,2.64313805374617,1.6537360535731558,1.7132400944090431,1.121378676398576,0.42821891169049636,1.7393238061090535,1.8314460026785029,3.4811289813569197,2.761902489550612,3.379085693980846,2.1302669450619116,1.5579492842050495,1.5675711205815308,0.7979875394555098,2.08869110289106,0.9609521816607323,2.479405617438055,3.345745032992507,3.0321152275442538,1.5658895527210372,3.0522183522481035,2.3610345024083244,1.742803474755014,2.0613506336629377,0.7458975459325997,3.352505257278339,2.921366006822876,3.31885149510574,2.5795982162329425,1.2684019012117522,1.3440633236508421,1.5849424959720757,2.1020973783527532,3.1993539258708794,2.864530269450211,3.4041196456745335,2.203581025592799,1.7086214398186028,1.3924684898945583
KY,3.8141414772665145,4.556358119888842,2.4606444154107883,2.913088185806686,4.11394640614286,4.703792682808711,2.972352757496448,4.367262521130638,1.4632928863095964,3.076556574771086,2.085677930822681,3.3087634444272003,5.844744587177693,3.572545546495521,3.7326876098317343,3.658080626087859,3.587603130502896,2.9408333568609573,1.1150654175815051,6.823880239183776,3.553075047913043,1.3323788879164573,4.218619950429757,2.5784183997560315,1.8736919933276324,1.586124663749358,1.659144791260716,1.0909928838787744,9.49520789559571,3.7958173368342893,0.9848176495802186,0.6491104825946654,1.4138552531931874,1.7393238061090535,0.42821891169049636,1.719342212235653,2.2738355972737314,1.4618253231256582,2.1378664910234493,1.0821868628975269,1.6809970732109971,1.4238386589130183,1.4229931675066294,3.0686880156969645,1.629388616134321,3.785448995124668,2.1243185462191922,1.7581763303865048,2.8690375563848347,1.7777707827777074,1.1396797508248167,2.121916023027599,0.8205056736969432,1.8338964383462966,4.467746498025358,1.6319348622410286,2.0663751395772225,1.4627057410563276,1.833976468591891,1.0917723839277698,2.092578457784917,3.3322911320185127,2.043088800337741,1.558140256043252,4.453326997777543,0.892963237813907,1.1509668868101588,2.5680925864018285
LA,4.382126854824093,4.947070577614272,3.379194013961416,4.071838106089512,5.239557112174936,5.603121347875111,4.081564263707158,5.648436849351291,2.7341751072102762,4.22587617709208,3.318547272694467,4.052686987384917,6.543193979903838,2.3163085402556156,3.192999146253094,3.034551781968273,2.335029711212452,1.7104781987244406,1.0751412550492019,7.492866862404743,3.1543724410002523,1.1637612330105942,3.8933171513721474,2.667266361185816,2.9579570330947123,2.632228286006537,1.4729966980813824,1.3070989103595951,9.154609294521526,3.985551621787055,2.154866611925164,1.9035520656801583,2.1405466929191768,1.831446002678503,1.7193422122356534,0.42821891169049636,3.416857747057047,2.498556413440596,3.243673032344383,2.373153990374279,2.6052645659449976,0.7637717973345378,1.83873545905664,3.4913851903609707,2.18123872658412,3.5608443639244114,3.259697245140321,2.8365890599779218,2.560033855275704,2.852784254900357,1.772900615658386,2.9597634608049397,2.0806653835093636,1.6230512252448723,4.701023359742962,2.6837168913852274,3.1587433799991995,1.7324866604179638,2.513318588141146,1.170389236121727,1.0876402419184072,3.3994424163928088,3.2480995291913524,2.3793375529890985,4.780642903327606,1.9893196980027872,2.313482909229739,2.771055121897695
ME,4.7480121330085145,5.607431928262765,3.202300041922121,1.0832065357714358,2.270956322309288,4.957585410433551,1.1291093774351773,3.3107139399869956,1.3760041172504387,1.239584804174688,0.8602034130120134,4.090843275329972,6.336237608542359,5.3016678066634695,5.508796442144107,5.4611105979605465,5.321549868983423,4.40717651439017,2.775091581718468,7.283413276723743,5.285190770908654,3.1776251026322204,5.882551647261504,4.163596599758015,0.902348832650727,1.224602864179593,2.732381237579068,2.546661517272721,11.005199930107583,5.137783567153891,2.2724425715396386,2.217078522583763,2.9031646370735706,3.4811289813569206,2.2738355972737314,3.416857747057047,0.42821891169049636,1.3536233390519246,0.6324461975035486,1.7829454121263013,2.7906500057618,3.193830673369738,3.116532077334536,4.302545520743673,3.157963417207395,5.420667631426799,0.5855324032899036,1.018353466947371,4.609550472839714,1.0051479537720591,2.107567195719539,3.1344779573221695,1.8885864885161943,3.6446129264722966,5.696384172766267,1.1741761030494577,0.7202609627161194,2.324065984625267,3.16489462004425,2.928398220236525,3.9107286723284735,4.826387640564065,0.7548305563890447,1.5849531664501244,5.586462210223605,1.8735089216623417,2.2708303937113663,4.082402806614535
MD,4.516538361311528,5.329686285484421,3.004863839181319,2.0063277754679625,3.170514885905402,5.077206638373523,2.012382298524326,3.9987136875578604,1.1196303042629079,2.157240065155532,1.3707091313049666,3.9183853193585474,6.363452681231171,4.379282044263753,4.766218671695851,4.690314588978925,4.399659614174656,3.493338523748251,1.863397124944714,7.33915331409453,4.581651232918216,2.334839274025358,5.234006130399118,3.5565510093997528,0.8876554944442567,0.5627712808275697,1.8381375593681484,1.623629442844414,10.480284288250227,4.6899841979263766,1.683006750669411,1.48656520198714,2.3097129907611484,2.761902489550613,1.4618253231256582,2.4985564134405953,1.3536233390519246,0.42821891169049636,1.173617644547912,1.2509775124777385,2.373397087672902,2.2937069833614934,2.4230951544524997,3.8998427793925283,2.5582459539155735,4.791072317248137,1.1966598533036128,0.7665056574356834,3.8974333664778307,0.7824524683726568,1.1834023452388447,2.795783653935269,1.140750405426923,2.8672309732998302,5.320980288720654,0.6140186551434526,1.088424017482865,1.43397574438633,2.6678706227560802,2.0717983966666904,3.021479090268775,4.284153724234674,1.2534830933428804,0.7838112504233815,5.263258720418341,1.0054470654530323,1.7608996034081623,3.5169955099240173
MA,4.770380790012757,5.622550759861882,3.2219901252383725,1.2644634751502755,2.428207114710439,5.054469025340689,1.271707037400651,3.5003845404271456,1.3212826550073435,1.4123370398710355,0.9486212557139801,4.122877191826716,6.418627402278564,5.124440179623062,5.405743711028189,5.349316384915998,5.144924181254892,4.212336326813657,2.6061422628789717,7.373474589303012,5.193176686065597,3.03764505487036,5.807108002141293,4.094324658971121,0.7143782253247026,1.040905248204268,2.534234310094537,2.3689236014390986,10.969263073169623,5.111741311773869,2.190265553810531,2.1010278311922543,2.8290173320656105,3.379085693980845,2.1378664910234493,3.2436730323443834,0.6324461975035489,1.1736176445479125,0.42821891169049636,1.6987541197860445,2.7562891575928865,3.0314907036939758,3.0192276837151186,4.283825706838999,3.084622511467008,5.349401284663694,0.5282431181906317,0.8353604353233952,4.513533087363564,0.8196088430122808,1.9217639997575584,3.1220252216682205,1.761922924197101,3.5267248638371265,5.689274669600553,0.9895495538234163,0.5180017965061118,2.1261894947302564,3.1162872937012116,2.782896607628344,3.754269307653745,4.776085892039596,0.8050948997818721,1.3844914515739166,5.5911562468027185,1.717533148229302,2.2065886475006,4.023313928785119
MI,3.694922821098412,4.507246791223328,2.196128439048773,2.376051065308891,3.5772315665905894,4.338824489377884,2.4763717967910024,3.7241816017928677,0.8563338175991174,2.5428340150726236,1.502886231182204,3.1052627167294586,5.580804085014376,4.219984902917953,4.156296010834283,4.115327151174126,4.234190144647497,3.57907648204739,1.7565218318253575,6.560138374508225,3.9305574788606146,1.9266369158792696,4.536653219702574,2.824740818489041,1.4943783729542004,1.3197600615467902,2.1496471532872414,1.6637869069884208,9.7204307324301,3.891285525491888,0.9199156042616203,0.9258009370058398,1.559015835305616,2.1302669450619116,1.0821868628975269,2.373153990374279,1.7829454121263013,1.2509775124777387,1.6987541197860445,0.42821891169049636,1.5538347321959753,2.075233822806574,1.7634471484495957,3.087374695548484,1.81458801406914,4.079026928798387,1.6542354704250826,1.4079339615886373,3.255046687807014,1.4274565018774428,1.4728063297235943,1.9730273076115041,0.7669580383716418,2.3141166551464125,4.507985613071824,1.345053713509391,1.6499153372781419,1.8364811200446418,1.871588037484569,1.718697425058327,2.7180501361365974,3.5191591594061706,1.4976453804876908,1.5338011912202747,4.44344628039926,1.0178350879913618,0.9522794445803617,2.759733796572345
MN,2.5947111864302173,3.387169009082778,1.2259310598760802,3.2793015780205086,4.422850893363145,3.4823659169937793,3.433658296953504,3.775941981994497,1.8641459341582403,3.4411783876750763,2.4112721525333707,2.057537821398941,4.591975274358287,4.136867201881902,3.3667955652933514,3.3883134388669474,4.141128891849099,3.8830586192127075,2.214541427944074,5.571141354769045,3.079266915393094,1.8943625317529862,3.584392338697093,1.8771218561481071,2.5945483212699902,2.445279336347296,2.8956735895546895,2.3081423875903657,8.643980818762929,2.7844178873852314,1.164459277987006,1.4869112577653316,0.913766687722203,1.5579492842050493,1.6809970732109978,2.6052645659449976,2.7906500057617993,2.373397087672902,2.756289157592887,1.5538347321959756,0.42821891169049636,2.2720921093136663,1.280059323356758,1.965739162066269,1.0290969462096464,3.11345642333134,2.6913320889796375,2.5207847860089547,2.4632868960849668,2.5395725081625105,2.373465932009515,0.8727942081114108,1.7285578060614284,1.8637766113250616,3.3844113240799136,2.4694479379084573,2.7245793152554434,2.7130947400221483,0.8359967151890868,1.8762905795115319,2.615344839665229,2.4722563189982445,2.469050142318896,2.6265462172001803,3.318255498981259,1.9917067741299352,1.045622439054016,1.7567228540113717
MS,4.098893607582329,4.697298885056648,3.0502263453792056,3.846939595797139,5.031344559547935,5.282290829143444,3.8746329161040616,5.3307576452875995,2.45499217024583,4.005192051612855,3.0603800903797183,3.7435519456832718,6.249716645914814,2.578106532281193,3.1480690277244467,3.0141883729702275,2.593793161070647,2.0460272576494867,0.8712474128482313,7.206122120870487,3.0657776557632377,0.8588286883410815,3.7955261215046328,2.4436580183996672,2.748958584024593,2.4282376142414432,1.5099702869902227,1.1550641681007676,9.09084968869541,3.765823153172157,1.8271208094346647,1.5924880455697148,1.811955502260574,1.567571120581531,1.4238386589130188,0.7637717973345376,3.193830673369737,2.2937069833614934,3.0314907036939758,2.0752338228065743,2.272092109313666,0.42821891169049636,1.5257864500797278,3.222497355183692,1.8678760762217488,3.431231446440424,3.0379651867862623,2.6274314103181973,2.4307647618681885,2.644899459236115,1.6174423245497533,2.63396354868814,1.8022546655651368,1.4115419734634722,4.479529105202881,2.479294305596733,2.9498856258766732,1.668371585720146,2.1953230751151804,0.8354380553092119,1.1609792457823924,3.197105259868242,3.0012337583642044,2.225568725058967,4.541440666599542,1.749481953690979,1.9832669239668401,2.5275073193762796
MO,3.0227913053904225,3.678606235295454,1.9931157764816592,3.7070360923858376,4.9035844727122395,4.193747359366324,3.811574542658347,4.594091902031214,2.1855063894118305,3.8739246855705822,2.8255439296379206,2.6459912704684703,5.158299622134498,3.2859221005331394,2.821080003121805,2.7841676648347233,3.290638546576083,3.0866895632757845,1.628657748250006,6.12005257460172,2.6026119984847904,1.1031944226574029,3.239312258985228,1.5847182000469515,2.7855118585341607,2.535746358221186,2.3967512730862612,1.8294251478026704,8.50160073239244,2.8372980941086707,1.2841696088959809,1.3658474194099977,0.7998639380330512,0.79798753945551,1.4229931675066294,1.8387354590566394,3.116532077334536,2.4230951544524992,3.019227683715118,1.763447148449596,1.2800593233567577,1.5257864500797274,0.42821891169049636,2.1813159680014245,0.7708669872897678,2.7974714635963203,2.9831470339529136,2.6809367757727522,1.922643007538201,2.7010833950639825,2.091127301528954,1.5642047714864797,1.714479477891957,1.0454128959607192,3.5297922091233773,2.5761742241276546,2.9612474217593014,2.3492131139626427,1.104166380049937,1.1939605037763408,1.7653271191062663,2.344708292621507,2.8316831582749913,2.5523951617815195,3.5478921022786007,1.8799529027193849,1.341456687194111,1.5884916268576836
MT,1.3453787962058938,1.9270150213822574,1.66546164256235,4.734031773729929,5.80803416480671,2.867794961833543,4.911506322812263,4.509143296631478,3.395969161838816,4.888237534098856,3.9012648707491606,1.3526612163591265,3.5160924629895316,4.359979879737127,2.592932506205442,2.7364183591607434,4.350462574311484,4.6077111674554025,3.381455951058165,4.442382297535903,2.2350386782899085,2.794579739938687,2.4155227677941467,1.368645368811411,4.131370004568253,3.978239673513703,4.1492826494386765,3.575520570015389,7.141049303901047,1.2729221239661146,2.6533094911002,2.923586628616823,2.0830523913241668,2.0886911028910604,3.068688015696964,3.491385190360971,4.302545520743673,3.8998427793925283,4.283825706838999,3.087374695548484,1.9657391620662694,3.222497355183692,2.181315968001425,0.42821891169049636,1.8845536055733028,1.9796483948660215,4.21391492525342,4.058283836292087,1.971236236615,4.07708766378374,3.7783395741500785,1.5977817202074902,3.222238492568537,2.322719410532173,1.849398162860182,4.004200972883024,4.256557355789576,4.074252543023488,1.672796428702076,2.941110632244449,3.151587743211892,1.2288214174540684,3.976768822464719,4.127663598611952,1.8128625758488073,3.4634576765558602,2.56774760693355,1.1950725505501307
NE,2.697609970050608,3.382515338803655,1.6683384694232752,3.7112460880662868,4.890301279709182,3.8522652717172665,3.8380369168524826,4.376766011684749,2.210620409060722,3.8771277596363514,2.8262466556398427,2.3040951252897313,4.821656077838901,3.564943001649891,2.834517460241429,2.8325605763789437,3.567381977034487,3.424069144859058,1.9451648759328095,5.7861788379646795,2.5753463103408074,1.445733440385339,3.152968813653909,1.4384973208179843,2.8752838116272947,2.6584591423472363,2.7021789936124905,2.1221767077834452,8.35165114746722,2.595079529986593,1.3248011326049534,1.515531897645571,0.6838261174107456,0.9609521816607314,1.629388616134321,2.18123872658412,3.157963417207395,2.5582459539155735,3.084622511467008,1.8145880140691397,1.0290969462096469,1.8678760762217488,0.7708669872897675,1.884553605573303,0.42821891169049636,2.6931128876789225,3.036581173404056,2.7805638218983324,1.9225165668436284,2.8005616566178846,2.331360909508538,1.236597949943585,1.8483197445353834,1.2737523673851527,3.2684360896742275,2.693720117918986,3.0361257299914577,2.618576596054993,0.7656477694852518,1.524201146959138,2.0719501881540445,2.154564746666936,2.854118590240461,2.733716102164911,3.2650935819242104,2.056793695758721,1.317670522902525,1.3870181720437227
NV,2.5563207145764637,2.4776051185380132,3.1359325317540048,5.95402138899362,7.108056152780585,4.194438450184008,6.093502472387431,6.052550008869339,4.472887799021609,6.117975451200428,5.074150636092006,2.8693497831823227,4.385294047732186,3.574319792110834,1.2396518410634234,1.4671962761403972,3.553204919184409,4.285963896335166,3.77491695158731,5.1399622046701605,0.9587423398404105,3.1009317569130928,0.9001988251076043,1.6853580823364613,5.135136771327211,4.900942993915691,4.510248059844016,4.0458501341073205,6.14416332421526,1.499294097596269,3.5880491993272967,3.7327396368605803,2.9486855721452994,2.479405617438055,3.7854489951246677,3.5608443639244114,5.420667631426799,4.791072317248137,5.349401284663694,4.079026928798387,3.113456423331341,3.431231446440424,2.7974714635963203,1.9796483948660215,2.6931128876789225,0.42821891169049636,5.301215565938334,5.036410168883075,1.4308192948749316,5.056524052801935,4.406376721312689,2.9148078118864866,4.079926867423934,2.4788509471704145,1.9934670531317216,4.939720601678812,5.299879769231202,4.596759961810039,2.710922266305887,3.3490872609539,2.972608888340311,1.180528323489377,5.1122627411833275,4.914076481483729,2.232567739743506,4.247102984643477,3.578057741179566,1.7849524810296091
NH,4.687589444079517,5.5420094234994,3.1393806078708564,1.2403728911787677,2.4245103542089845,4.956666027704998,1.276255381038082,3.4121033093393924,1.2614282729792923,1.3958148630854152,0.8490653445427722,4.037312903888693,6.3229172369464,5.144367475301571,5.3735128833824986,5.321940605783738,5.164264395533874,4.253143660247842,2.6182424221177483,7.276698770329413,5.15507520918718,3.027312062638326,5.760963659159928,4.044876225772105,0.7492955082732728,1.0683751727265405,2.5809033503385024,2.389351925897906,10.906738378474076,5.044725071882846,2.1456536672650857,2.0747616543911453,2.78117465778133,3.345745032992507,2.1243185462191914,3.259697245140321,0.5855324032899037,1.1966598533036132,0.5282431181906319,1.6542354704250826,2.691332088979638,3.0379651867862623,2.9831470339529136,4.21391492525342,3.036581173404056,5.301215565938335,0.42821891169049636,0.8626280451872597,4.4773553747130155,0.8501916103675429,1.9510457175587983,3.0493730752834787,1.7417989289933917,3.5024608061963614,5.615717872585378,1.0182674742102524,0.5900512791015007,2.1725643019340826,3.0573202159878443,2.776352706619503,3.756130054617595,4.718533908791628,0.7076819791824562,1.437018418894181,5.513763828137418,1.7183681804907567,2.15349951885043,3.969274806151468
NJ,4.615404930535115,5.44945836698258,3.0774049854342627,1.6688464181804472,2.8337116452268742,5.050337574975077,1.675911131423429,3.7593477187357776,1.1219041366537776,1.8190199543879102,1.1116792266911115,3.9913280194620095,6.37578413987005,4.717519517923173,5.051240415490514,4.984879679836977,4.737928222111958,3.8191737600506093,2.1999166866868447,7.343968939449628,4.8526965431762275,2.6493267043949236,5.487135919109097,3.789057999657599,0.5498679265509366,0.6347785359101357,2.150181204422512,1.961898644897112,10.698122300895388,4.869181976698495,1.8859442038439627,1.7470946839874835,2.5265688656742,3.0321152275442538,1.7581763303865048,2.8365890599779218,1.018353466947371,0.7665056574356834,0.8353604353233952,1.4079339615886373,2.5207847860089547,2.6274314103181973,2.680936775772753,4.0582838362920866,2.7805638218983324,5.036410168883075,0.8626280451872597,0.42821891169049636,4.1697493945868045,0.44836976631800113,1.5177447768622805,2.919322851809324,1.3995706979061664,3.15971036996267,5.476281810325924,0.5840543054280223,0.7510097784415528,1.7421892821340923,2.851201002091986,2.3904232053755154,3.3526665180623247,4.496170139851677,0.9725921820824344,1.0185821541420872,5.399341132390783,1.3209865114997823,1.9317367606593494,3.7337587600077002
NM,2.8332810899560683,3.094826550196755,2.7658994585800794,5.189447203137224,6.3777241197891135,4.410558589370364,5.302229436990386,5.708099304239099,3.672345484140998,5.3560924128755705,4.304555601095764,2.8663382930674546,4.929552797278732,2.869118875745446,1.340264085816342,1.3564586426521463,2.855543557954519,3.369312371233495,2.7868652161672176,5.786423019092175,1.112459740512009,2.116771706332614,1.8045481420591811,1.1198000886681911,4.276689932817304,4.0159372833716125,3.511434361729558,3.0638992178244355,7.1118691845004465,2.0414002858475637,2.7684954384697105,2.850887136003698,2.1632111708691943,1.5658895527210375,2.8690375563848343,2.560033855275704,4.609550472839712,3.8974333664778307,4.513533087363564,3.255046687807014,2.4632868960849668,2.4307647618681885,1.9226430075382006,1.971236236615,1.9225165668436286,1.4308192948749316,4.4773553747130155,4.1697493945868045,0.42821891169049636,4.189856452350219,3.4465875328784334,2.4204312743064955,3.1990045877007427,1.498942720626623,2.722682442285024,4.058573180624308,4.4547912185732095,3.6143614111387987,2.0640635174498465,2.373772565360259,1.9900742116793413,1.4331941824621248,4.319638114945814,3.983330096050459,2.879999054177008,3.3336825591117427,2.7964794953603396,1.3177619905740543
NY,4.632458529611596,5.467097846681048,3.093850432166574,1.6542275014999703,2.8168354372187823,5.062213953986441,1.658873739698193,3.7578522540788346,1.1381407595133357,1.80364010545966,1.110969021763273,4.007581082086774,6.389319713223023,4.733050252196275,5.071234932795802,5.004712032374222,4.753541389080799,3.831177995422458,2.2167662078552084,7.357091648010008,4.872816681292011,2.6684195973321723,5.507277765958854,3.8091045905963865,0.533467302084771,0.6495639138076127,2.1605904656043062,1.977558989437783,10.717910615361488,4.888392627393671,1.9058532709919287,1.7671972080565879,2.5465329661849623,3.0522183522481035,1.7777707827777074,2.852784254900358,1.0051479537720585,0.7824524683726568,0.8196088430122812,1.4274565018774432,2.5395725081625113,2.644899459236116,2.701083395063984,4.07708766378374,2.8005616566178846,5.0565240528019375,0.8501916103675433,0.44836976631800113,4.189856452350219,0.42821891169049636,1.5318365923474049,2.9374028271261805,1.4196291078537853,3.179537287506625,5.494910144783771,0.5983205642872387,0.7342720435704102,1.7524280385980902,2.870658648624389,2.4092746408498167,3.370534175551595,4.515969439807481,0.9699761761001644,1.0253390126149964,5.4174615795698475,1.3397119543999225,1.9511854622198035,3.7536483222013843
NC,4.522450705057774,5.267652505688357,3.1308287609523084,2.757659853281736,3.903691906685916,5.3446990569889365,2.7480445155416886,4.653281273350245,1.6432333093830853,2.9051492304379725,2.0939553340692494,4.0020856860624665,6.528939755695933,3.6367194541527503,4.257573132451629,4.1502150107932705,3.658157169561217,2.743313671696685,1.1745138564084816,7.509456726553509,4.121353616997423,1.7744976206233205,4.819125109908483,3.241991202654403,1.6364359922004819,1.311254524919456,1.1338161280945174,0.8976725263532064,10.121450300138264,4.491934880263846,1.6445109239774371,1.3149789914288343,2.124021544260284,2.3610345024083244,1.1396797508248164,1.7729006156583862,2.1075671957195397,1.1834023452388447,1.9217639997575584,1.4728063297235938,2.373465932009515,1.6174423245497538,2.091127301528954,3.7783395741500785,2.331360909508538,4.406376721312689,1.9510457175587985,1.5177447768622803,3.4465875328784326,1.5318365923474049,0.42821891169049636,2.817691749493738,1.1477467062564095,2.377164991975347,5.1715041226794645,1.3619704912564852,1.8339551078552163,0.7926990291529106,2.545436391952087,1.5074869530363897,2.348354860631476,4.006756403163248,1.9930518390521634,1.0384599397362804,5.162770239963743,0.8835440324245972,1.7930158647455607,3.2506589118186695
ND,2.1555051254252686,2.963341672799249,0.8601116906739972,3.569867250812527,4.668082893237389,3.0808169574767614,3.743450529241078,3.7178907696698205,2.241539432422894,3.726133733380968,2.7317068486101372,1.6150708357263153,4.153183970469257,4.35550054457845,3.285572588363274,3.3438804116819023,4.3562434262092635,4.221042286897876,2.6246820353639944,5.131300918992653,2.967297906835851,2.2290278551968963,3.3853558383584352,1.7588017935333475,2.984098372827067,2.859575714793685,3.327151703269401,2.737618879451367,8.30969597096085,2.438864363003325,1.608398972684451,1.9309727811371833,1.2520668499865912,1.742803474755014,2.121916023027599,2.9597634608049392,3.1344779573221695,2.795783653935269,3.1220252216682205,1.9730273076115044,0.8727942081114106,2.6339635486881408,1.56420477148648,1.5977817202074902,1.236597949943585,2.9148078118864866,3.0493730752834787,2.9193228518093246,2.4204312743064955,2.9374028271261805,2.8176917494937372,0.42821891169049636,2.168970600121367,2.0604019299146366,2.995574409739632,2.8802535595571643,3.098902058548878,3.1555177339894205,0.9042926985526157,2.254932211785608,2.87933847818594,2.2151965471369413,2.808326897653977,3.061460892133278,2.908308758610924,2.434558783315343,1.4823879653582668,1.593472571567825
OH,3.894897277053837,4.680235042351637,2.4435807574133164,2.523180384708237,3.7253600868227528,4.63278301873299,2.588857808596119,4.048850201658767,1.0822742276449755,2.687278342196176,1.6941847182454768,3.336572643939032,5.843037523573651,3.951756101198442,4.080362590805808,4.017540693586504,3.9677160373744744,3.257682012060438,1.4466320963986072,6.823739861574415,3.8823919138554985,1.7222066065298172,4.525183392224541,2.844056318753775,1.5092637471297938,1.249669015917937,1.81246137532842,1.3299527209385376,9.76823202362858,3.9945596146585913,0.9992174807657574,0.7770765573034656,1.6028819751353285,2.0613506336629377,0.8205056736969432,2.080665383509364,1.8885864885161943,1.1407504054269229,1.7619229241971008,0.7669580383716421,1.7285578060614284,1.802254665565137,1.7144794778919572,3.2222384925685374,1.8483197445353834,4.079926867423934,1.7417989289933917,1.3995706979061664,3.1990045877007427,1.4196291078537853,1.1477467062564097,2.168970600121367,0.42821891169049636,2.1935186918955627,4.640228556146068,1.289946357664042,1.695083555739345,1.512094665216712,1.979694708040315,1.4839955920561112,2.4838460690748168,3.5746547791276777,1.6510971901593503,1.333851468737044,4.598628862248971,0.7042402737535449,1.1156160331447669,2.8069656849987883
OK,3.231160382967228,3.755716660955971,2.4892349392234596,4.259267694923622,5.4621182891985205,4.579283393563411,4.345179222546591,5.202624995261338,2.7421857157571945,4.425708319059142,3.3885152859983414,2.9873134167130497,5.403701819291901,2.72400931444273,2.329303476435843,2.253398597617936,2.725399501322459,2.723180762217659,1.7245274702322215,6.336781651236887,2.172737052618283,1.0503015983789319,2.874552206819177,1.4725724794273816,3.272590548857975,2.991708283802947,2.471457821492808,1.9962074827708562,8.181528800190469,2.7927376383591676,1.8635175968416609,1.8560001805862067,1.4062865858283884,0.7458975459325994,1.8338964383462966,1.6230512252448719,3.644612926472296,2.8672309732998302,3.5267248638371265,2.3141166551464125,1.8637766113250616,1.4115419734634724,1.0454128959607196,2.3227194105321725,1.2737523673851532,2.4788509471704145,3.502460806196362,3.15971036996267,1.4989427206266228,3.179537287506625,2.3771649919753473,2.060401929914637,2.1935186918955627,0.42821891169049636,3.508028315921319,3.0371621441905203,3.4603435873518906,2.5471898417734637,1.5860609377456496,1.303153268861809,1.2841670516235397,2.21532573759463,3.379075291462294,2.925454120098779,3.586220508151316,2.2934829693998617,1.9442201465259736,1.5814000907993595
OR,1.5669783192826194,0.96524759943667,2.956716801227524,6.087203386577741,7.100392045052621,2.9495233652614217,6.278197384467178,5.416811017881422,4.807193382685746,6.234699835717064,5.284448417752795,2.207407606062194,2.8438065598546425,5.09815038774136,2.8030601246656266,3.032425621152142,5.079610632246661,5.654743590563803,4.708117721068128,3.574938081753164,2.5106340178589774,4.0710758943901055,2.137604285177847,2.46507950771417,5.546699563309453,5.399140319917257,5.482296392169244,4.929100058027512,5.801762663231019,1.143691051336529,4.072812118681243,4.334269427662331,3.486145871514579,3.3525052572783385,4.467746498025357,4.701023359742962,5.696384172766267,5.320980288720654,5.689274669600553,4.507985613071824,3.3844113240799136,4.479529105202881,3.5297922091233764,1.8493981628601814,3.268436089674227,1.993467053131721,5.615717872585378,5.476281810325924,2.722682442285024,5.49491014478377,5.1715041226794645,2.9955744097396315,4.640228556146068,3.508028315921319,0.42821891169049636,5.42470351590389,5.665974279080533,5.4492469677332025,3.0887950639106756,4.258902204079888,4.230370279915667,1.7445802606900391,5.36977532474387,5.544792365543511,0.7282890796457917,4.876470038454379,3.988912386721223,2.389619768094567
PA,4.590238038502056,5.414951008571653,3.0625615390555603,1.8242887269090677,2.984876860307313,5.083552296184223,1.8267202586257003,3.8832577398712433,1.123872910522334,1.9736528640292403,1.237783680765765,3.977710550790918,6.391963150332196,4.5631866343876295,4.933456221335519,4.861764279658498,4.583740229353916,3.6642533104906794,2.0491789547878665,7.36399515972552,4.742440321538875,2.5140294433960415,5.386542517637148,3.698261931001071,0.7034194653324941,0.47970772746541823,1.997891621667612,1.8078578888205452,10.616776167516267,4.805614986011637,1.8058521858590837,1.6387566672586718,2.4419207273110333,2.921366006822876,1.6319348622410284,2.683716891385228,1.1741761030494575,0.6140186551434523,0.9895495538234165,1.3450537135093907,2.4694479379084573,2.4792943055967336,2.5761742241276546,4.004200972883024,2.693720117918986,4.939720601678812,1.018267474210252,0.5840543054280225,4.058573180624308,0.5983205642872387,1.361970491256485,2.8802535595571643,1.2899463576640418,3.0371621441905203,5.424703515903891,0.42821891169049636,0.9034103069445614,1.5904323337011568,2.7834869237181854,2.2525216452426076,3.2065849714267824,4.416142939880541,1.1073905902690222,0.8804378069018038,5.356998114714157,1.1834070207379064,1.8670141680492265,3.650813338670854
RI,4.76041653888979,5.608863416906161,3.2126268566096363,1.3531060659398955,2.510922362144171,5.078295992641705,1.3531625649766936,3.5739026583242346,1.2890462613919678,1.4994898819074087,0.988338940211908,4.117749103552946,6.434931451039456,5.038164494017996,5.3439386315017305,5.284284084234482,5.058798699960367,4.122720301599702,2.5226920846238974,7.393060670137314,5.135640489775687,2.9635831424877193,5.755746921957395,4.046365670587548,0.6293615700050137,0.9548833177146978,2.444452323363012,2.2830207494502677,10.932384655191033,5.08077677900235,2.140092087756797,2.0373582929017733,2.780609729815549,3.318851495105741,2.0663751395772225,3.1587433799991995,0.7202609627161203,1.0884240174828654,0.5180017965061119,1.6499153372781419,2.7245793152554434,2.949885625876673,2.961247421759302,4.256557355789576,3.0361257299914577,5.299879769231202,0.5900512791015013,0.7510097784415523,4.4547912185732095,0.7342720435704104,1.833955107855216,3.098902058548878,1.6950835557393453,3.4603435873518893,5.665974279080533,0.9034103069445613,0.42821891169049636,2.036414399760204,3.0779024127661936,2.707090660725597,3.6742540304987155,4.735307869193804,0.8384872662320031,1.2947869572677126,5.572967546575192,1.6394770028100547,2.1638376050091064,3.9795274803094043
SC,4.845027562879774,5.570304808787456,3.4815599140963958,2.9556601310594,4.053558893394871,5.704310922985037,2.9142903606950297,4.976807615642912,1.982090154697075,3.092168896538327,2.374706813616554,4.342133390624767,6.875207911395533,3.514588777993423,4.3800426606079785,4.252807637138921,3.5387582270465283,2.5177238927195296,1.2587281451659118,7.855093493125112,4.274685556992527,1.92609151915789,4.9905266863034115,3.4785220519064324,1.8514877053539254,1.544127496041579,0.836570718510621,0.9792150888213198,10.2975345121868,4.7581367964959105,1.993217321301209,1.656844093496633,2.428984562361095,2.5795982162329425,1.462705741056328,1.7324866604179638,2.324065984625267,1.4339757443863297,2.1261894947302564,1.8364811200446423,2.7130947400221483,1.668371585720146,2.3492131139626427,4.074252543023489,2.6185765960549925,4.596759961810039,2.1725643019340826,1.7421892821340923,3.6143614111387987,1.7524280385980902,0.7926990291529106,3.1555177339894205,1.5120946652167124,2.5471898417734637,5.4492469677332025,1.5904323337011566,2.0364143997602047,0.42821891169049636,2.857003169904679,1.6768063375192104,2.366178939161938,4.248286257099824,2.2591062679794094,1.172916093199154,5.455318047381025,1.246869092949861,2.1467612670175305,3.505908249496583
SD,2.4203071885503205,3.1512585960095687,1.335754184073793,3.6741219765146793,4.826184314313167,3.518179104815566,3.8214407099388987,4.1231346672618745,2.224385306556733,3.8372380695767268,2.7990995093992117,1.9839784388431612,4.514819800894578,3.8818259593589914,2.9631315715623945,2.9914324162137977,3.88303833049355,3.761041488175807,2.2385938177463998,5.484666086677016,2.6721867490102915,1.778098797037127,3.1809902559065186,1.4696275551969062,2.9344942714631306,2.7539512572071603,2.9776191024592444,2.389783648601085,8.282743119234405,2.450906333185022,1.4141982349667035,1.6798692219120321,0.8589430370760915,1.2684019012117527,1.833976468591891,2.513318588141146,3.16489462004425,2.667870622756081,3.1162872937012116,1.8715880374845695,0.8359967151890871,2.19532307511518,1.104166380049937,1.6727964287020758,0.7656477694852515,2.710922266305887,3.0573202159878448,2.851201002091986,2.064063517449847,2.870658648624389,2.545436391952087,0.9042926985526165,1.9796947080403153,1.5860609377456496,3.088795063910676,2.7834869237181854,3.077902412766193,2.857003169904679,0.42821891169049636,1.8362164319789451,2.4041147785193835,2.089840264640942,2.8478154139827443,2.8843249190086153,3.0548039124888096,2.218897547974932,1.347694196032816,1.3553644322886722
TN,3.788357128346478,4.434478786450963,2.6630906360734787,3.5725800777715366,4.770833870408419,4.907494216947478,3.6232757656344345,4.937897274635157,2.121159399024951,3.7350618181104305,2.748972213603036,3.3919268148522623,5.917211340359107,2.934923338797874,3.179364043736579,3.078016513058829,2.947997822601805,2.452064450246655,0.8778315335241021,6.882130437640153,3.044224934752922,0.6975652960790883,3.7494710938647446,2.2484288152607292,2.5096169059224565,2.2034714808534956,1.6517324512411338,1.1269912073849688,9.05627447404836,3.553761361558007,1.4271344096348875,1.2230712132685917,1.4314369764923653,1.3440633236508421,1.091772383927769,1.170389236121727,2.928398220236525,2.0717983966666904,2.782896607628344,1.7186974250583273,1.8762905795115319,0.8354380553092127,1.193960503776341,2.941110632244449,1.5242011469591386,3.3490872609539,2.7763527066195026,2.3904232053755154,2.373772565360259,2.4092746408498167,1.5074869530363895,2.254932211785608,1.4839955920561108,1.303153268861809,4.258902204079888,2.252521645242608,2.707090660725597,1.6768063375192106,1.8362164319789451,0.42821891169049636,1.4308257098320476,3.01775659262741,2.7058876485710184,2.078136384263143,4.294916836745789,1.4979693306427282,1.579720308636635,2.2981707863491354
TX,4.0669451333556434,4.532873827950788,3.3112198033062654,4.560720390110907,5.75215392915436,5.434756264444344,4.597729276699353,5.872064698572114,3.123747195257683,4.721127801980965,3.749788207945726,3.843250177689925,6.239361605701743,1.9712138984873422,2.545808766348784,2.379481937390001,1.9799344624545028,1.8855127675661139,1.603266132212116,7.159841922160107,2.533547678381471,1.2319945884568793,3.273610351272387,2.2467780293124986,3.4738635708885766,3.1558168748305353,2.1314024414443664,1.88205533155174,8.50626242054859,3.5209807319524016,2.377084630459434,2.2206261704383445,2.130467581602429,1.584942495972075,2.0925784577849176,1.0876402419184072,3.9107286723284735,3.021479090268775,3.754269307653745,2.718050136136598,2.615344839665229,1.1609792457823924,1.7653271191062667,3.151587743211892,2.0719501881540445,2.972608888340311,3.756130054617595,3.3526665180623247,1.9900742116793415,3.3705341755515956,2.348354860631476,2.8793384781859404,2.483846069074817,1.28416705162354,4.230370279915667,3.2065849714267824,3.6742540304987155,2.366178939161938,2.404114778519384,1.4308257098320474,0.42821891169049636,2.914060767037742,3.7020690921745474,2.95753109868475,4.344707260343951,2.4661831359809607,2.5081851653987233,2.3906534855659944
UT,1.9115123941035934,2.0900654900810722,2.398820328802042,5.321839171270441,6.447882810315376,3.5442194313448168,5.477553841718075,5.301038302744715,3.885375928805595,5.4826738725661475,4.4549882696979966,2.133516300949904,3.936799805817848,3.865671960821045,1.8312094419668257,2.0035374325886295,3.8506510985770874,4.342010402418908,3.465496787519715,4.782227530287661,1.473922510270264,2.8056854868544194,1.6290726214609503,1.1983946458739392,4.585318454864976,4.382253755691363,4.234466274009983,3.708810711613347,6.630188831143649,1.0412899946919572,3.0395296603990016,3.239162715519544,2.403129213202152,2.1020973783527532,3.3322911320185127,3.3994424163928088,4.826387640564065,4.284153724234674,4.776085892039596,3.51915915940617,2.4722563189982445,3.1971052598682426,2.3447082926215073,1.2288214174540688,2.1545647466669355,1.1805283234893773,4.718533908791628,4.496170139851677,1.4331941824621253,4.515969439807481,4.006756403163247,2.2151965471369413,3.5746547791276786,2.2153257375946294,1.7445802606900387,4.416142939880541,4.735307869193804,4.248286257099824,2.089840264640942,3.0177565926274097,2.9140607670377414,0.42821891169049636,4.508349005478449,4.453820254964103,1.878702613554207,3.7765084775496573,2.999857168709511,1.1961055746755729
VT,4.424635645244401,5.282707949293466,2.877867759699207,1.3084763411028648,2.512052139122952,4.677624606249773,1.4125050733391142,3.2166172591530846,1.0755178242550452,1.4748519415757104,0.5797162586519071,3.7699429340520676,6.043586775640281,5.135849740423488,5.223843909214625,5.184753618544303,5.154024582852261,4.308060239631789,2.6012589222104365,6.997249121984656,4.991055692809493,2.9443194142243656,5.576281658339799,3.855297173495124,0.9014341812147826,1.1486407805730878,2.663238887338646,2.3987063617485074,10.6815084813525,4.812895920927064,1.9793947244758179,1.9593493645371,2.600669438987516,3.1993539258708794,2.0430888003377405,3.248099529191352,0.7548305563890445,1.253483093342881,0.8050948997818723,1.4976453804876908,2.469050142318896,3.0012337583642044,2.8316831582749913,3.976768822464718,2.8541185902404616,5.1122627411833275,0.7076819791824562,0.972592182082435,4.319638114945814,0.9699761761001644,1.9930518390521634,2.808326897653977,1.6510971901593503,3.379075291462294,5.36977532474387,1.1073905902690215,0.8384872662320028,2.25910626797941,2.8478154139827443,2.7058876485710184,3.7020690921745474,4.50834900547845,0.42821891169049636,1.5584949468150322,5.260341780652294,1.6870928410136066,1.964772749820358,3.7687956670932428
VA,4.788591941851739,5.583470792067921,3.301704890687557,2.2110917197458364,3.3194272114553307,5.412307580687815,2.172997911070268,4.334087474875246,1.4693053193193286,2.347717910320951,1.6899754932865034,4.2097363729580035,6.681050163982794,4.22654805844565,4.822777790828882,4.727524326199552,4.249131514963679,3.2623465939941445,1.7826356048168959,7.659076010999898,4.6650897808949505,2.347453982307538,5.343255720448718,3.706033464835482,1.117765288270633,0.8444152867533008,1.5796518330269465,1.5077648374897374,10.625125545060778,4.893446655727971,1.9043788909218355,1.6468747517547364,2.4967097162452463,2.864530269450211,1.558140256043252,2.3793375529890985,1.5849531664501242,0.7838112504233816,1.384491451573917,1.5338011912202743,2.6265462172001803,2.225568725058967,2.5523951617815195,4.127663598611951,2.73371610216491,4.914076481483727,1.4370184188941808,1.0185821541420879,3.983330096050459,1.0253390126149966,1.0384599397362804,3.061460892133278,1.3338514687370437,2.9254541200987787,5.544792365543511,0.8804378069018033,1.2947869572677126,1.1729160931991536,2.884324919008615,2.078136384263143,2.9575310986847496,4.4538202549641035,1.5584949468150329,0.42821891169049636,5.5040933181057365,1.1056437873119982,2.0092734469113727,3.686804924734962
WA,1.3441935384806913,0.6768763489714504,2.820973334576085,5.948127404516379,6.930026824631995,2.651508173635488,6.1463585761728305,5.166441138816532,4.719719272942658,6.091477452994442,5.1675578194138865,2.012378100596475,2.582320515623018,5.290667958095663,3.043810550521653,3.2670364105100256,5.273575629166864,5.785816205541344,4.741379883865691,3.356635933076765,2.7353310896835703,4.123498102001053,2.4146221918257083,2.543995536194038,5.46356798486091,5.3342932968595465,5.51402818360375,4.948435280862461,5.976466455114607,1.2668849829301538,4.02793938433407,4.306444793259569,3.467693465251415,3.404119645674534,4.453326997777543,4.780642903327606,5.586462210223605,5.263258720418341,5.5911562468027185,4.44344628039926,3.318255498981259,4.541440666599542,3.5478921022786007,1.8128625758488073,3.265093581924211,2.232567739743506,5.513763828137418,5.399341132390783,2.8799990541770084,5.4174615795698475,5.162770239963743,2.9083087586109237,4.598628862248971,3.586220508151316,0.7282890796457914,5.356998114714157,5.572967546575192,5.455318047381025,3.0548039124888096,4.294916836745789,4.344707260343951,1.878702613554207,5.2603417806522925,5.5040933181057365,0.42821891169049636,4.844576056397788,3.9318599187552055,2.4422797538372714
WV,4.157479472215621,4.932866731950072,2.7179500884629864,2.5258045602397123,3.7141907192970876,4.908060359357952,2.560533740518268,4.235629048001154,1.2243223281214148,2.6846555853541707,1.7601693609572922,3.607522012857197,6.11795636896997,3.876976611681356,4.194079358800636,4.114633594941487,3.8951948039731437,3.098206720306308,1.3424213044839586,7.098711628439621,4.017652139750703,1.7588433610144558,4.682388112370991,3.0306308930990293,1.4407547656483106,1.1350057974521572,1.5731810251940805,1.1590145058513837,9.953058949735485,4.219110580713357,1.256172832047143,0.9714784852064977,1.8222346430489125,2.203581025592799,0.892963237813907,1.9893196980027872,1.8735089216623417,1.0054470654530323,1.7175331482293026,1.017835087991362,1.9917067741299352,1.7494819536909785,1.8799529027193849,3.4634576765558593,2.0567936957587207,4.247102984643477,1.718368180490757,1.320986511499782,3.3336825591117427,1.3397119543999223,0.8835440324245971,2.434558783315343,0.7042402737535449,2.2934829693998613,4.876470038454379,1.1834070207379062,1.6394770028100547,1.2468690929498607,2.2188975479749318,1.4979693306427282,2.466183135980961,3.7765084775496573,1.6870928410136066,1.105643787311998,4.844576056397787,0.42821891169049636,1.3850750861344698,3.009397083653608
WI,3.209361324854342,4.00419569520133,1.7665374194786772,2.82396630977852,4.009488594316311,3.9898533762144655,2.9485899177991173,3.7973158177940523,1.3230617343610276,2.9902237595588983,1.9385639109875408,2.6506663032556745,5.166379033977652,4.04877575135071,3.7065930263146214,3.685884103274218,4.058675850108998,3.5848965455328186,1.7934764262982024,6.147141022708153,3.4602504596739916,1.7086343131128507,4.0405229373129625,2.3209929189327583,2.015783741755345,1.8394918169339969,2.379275057316693,1.8128798340418573,9.19933319590263,3.367493507820019,0.5969808818610338,0.9323239663734908,1.0653410976634397,1.7086214398186033,1.1509668868101588,2.313482909229739,2.270830393711366,1.7608996034081623,2.2065886475006,0.9522794445803617,1.045622439054016,1.9832669239668408,1.3414566871941114,2.5677476069335494,1.317670522902525,3.578057741179566,2.15349951885043,1.9317367606593494,2.7964794953603396,1.951185462219803,1.7930158647455594,1.4823879653582666,1.1156160331447664,1.944220146525973,3.988912386721223,1.8670141680492265,2.163837605009106,2.1467612670175305,1.3476941960328157,1.5797203086366354,2.508185165398724,2.999857168709511,1.964772749820358,2.009273446911372,3.9318599187552055,1.3850750861344698,0.42821891169049636,2.2449475543911728
WY,2.1119909338447225,2.604235375289978,1.8952166040300267,4.601048487199225,5.75133534489421,3.5922823527675285,4.746011077223562,4.850629502443081,3.13671317824571,4.764315566568109,3.724392560373049,2.0113565863762863,4.280171535069803,3.611071138444686,2.128835733360786,2.208237378616445,3.603143434466824,3.8479236293139065,2.747671961537131,5.197581262367639,1.8030875135330753,2.1121725345286104,2.2560243935063147,0.6292435993119662,3.8251841778148363,3.616274547617371,3.5216793802586546,2.9754494850194777,7.394220935075316,1.6844309965005932,2.276072755886422,2.47136480616177,1.6371129185333062,1.3924684898945585,2.568092586401829,2.771055121897695,4.082402806614535,3.5169955099240173,4.023313928785119,2.759733796572345,1.7567228540113713,2.5275073193762796,1.5884916268576836,1.1950725505501303,1.3870181720437227,1.7849524810296091,3.969274806151468,3.7337587600077002,1.3177619905740545,3.7536483222013843,3.2506589118186695,1.593472571567825,2.806965684998788,1.5814000907993595,2.389619768094567,3.650813338670854,3.9795274803094056,3.505908249496583,1.3553644322886722,2.2981707863491354,2.3906534855659944,1.1961055746755729,3.7687956670932428,3.686804924734962,2.4422797538372714,3.009397083653609,2.2449475543911728,0.42821891169049636
